LedgerID;LedgerName;VendorID;DUNS;LocalBusinessNumber;VATNumber;CompanyName;Address1;Address2;Town;County/State/Province;PostCode;Telephone;Fax;Country;LegalCode;LegalFormPM;OutOfBusinessIndicator;StartYear;PrimarySICCode;HeadQuarterDuns;DomesticUltimateDuns;DomesticUltimateCountry;DomesticUltimateCompanyName;GlobalUltimateDuns;GlobalUltimateCountry;GlobalUltimateCompanyName;CompanyEmployees;NetSales;NetWorth;TotalAssets;CurrentAssets;CurrentLiabilities;FinancialStrength;RiskRating;PMFailureAssignedScore;DBFailureScoreCurrent;DBFailureScore3Month;DBFailureScore6Month;DBFailureScore9Month;DBFailureScore12Month;CReditLimit;OriginalOverrideCode;DBDelinquencyScore;PaymentScore;DBCurrency
116560;CL;1005246;436207026;BS393240;1868030980;DIGIT CLASS SAS DI SALVETTI GIANLUIGI;VIA UMBERTO I 15;;NIARDO;BRESCIA;25050;364339037;364339037;IT;1869;Partnership;;1997;2796;436207026;;;;;;;4;;;;;;C  ;2;78;78;78;80;80;80;45000.00;;84;77;EUR
116560;CL;1008146;435492271;BG429542;4031800164;ELECTRIC CABLE SRL;VIA GIOACCHINO ROSSINI 18;;CREDARO;BERGAMO;24060;35927221;;IT;1867;Private Limited Company;;2014;3699;435492271;;;;;;;22;1256221.00;142699.00;1332491.00;779784.00;758723.00;D  ;3;14;14;14;5;5;5;9900.00;;62;70;EUR
116560;CL;1010247;437778202;BG238524;1805190160;EUTRON SPA;VIA CRESPI 29/31;;PRADALUNGA;BERGAMO;24020;035 757311;35697090;IT;1868;Public Company;;1987;3699;437778202;430142361;IT;SAVIO MACCHINE TESSILI SPA;371102996;LU;TOP ITACA FINANCE S.à r.l.;160;37007669.00;22614323.00;32873718.00;24723992.00;8256121.00;3A ;1;98;98;98;98;86;86;4200000.00;;91;75;EUR
116560;CL;1008858;432523637;VA132856;1188310120;MEBA SRL;VIALE DELLO SPORT 14;;GAVIRATE;VARESE;21026;332668011;332666138;IT;1867;Private Limited Company;;1974;3699;432523637;;;;;;;49;5103838.00;2174055.00;6628203.00;3704712.00;2322025.00;2A ;1;97;97;97;99;99;99;270000.00;;100;80;EUR
116560;CL;1008487;435431006;VA351774;3440940124;MEGATRONIC SRL;VIA ALESSANDRO VOLTA 26;;LOZZA;VARESE;21040;332491101;332491093;IT;1867;Private Limited Company;;2014;3699;435431006;;;;;;;45;2065638.00;-322006.00;3452376.00;1342354.00;2476414.00;N  ;4;5;5;5;9;9;9;;;75;79;EUR
116560;CL;1000722;441482739;MI1645118;3129250969;MICROMECCANICA SNC DI CILETTI DONATO & C.;VIA GIACOMO PUCCINI 12;;COLOGNO MONZESE;MILANO;20093;225490707;225490707;IT;47;Partnership;;2001;3499;441482739;;;;;;;7;;;;;;C  ;1;95;95;95;95;95;95;110000.00;;88;80;EUR
116560;CL;115100;432057777;BS404285;2015710987;PASQUALE SILVIA LINA;VIA MOLINI 2;;NIARDO;BRESCIA;25050;;;IT;6150;Proprietorship;;1998;3699;432057777;;;;;;;4;;;;;;C  ;3;43;43;43;43;43;43;42000.00;;40;;EUR
116560;CL;1004394;432365856;BO263734;595781204;POGGIPOLINI SPA;VIA EMILIA 262;;SAN LAZZARO DI SAVENA;BOLOGNA;40068;516256090;516257084;IT;1868;Public Company;;1981;3499;432365856;440370477;IT;EMILIA HOLDING SRL;440370477;IT;EMILIA HOLDING SRL;82;15975378.00;10704749.00;31286827.00;16700713.00;6814708.00;3A ;2;65;65;65;65;24;24;260000.00;;68;54;EUR
116560;CL;6042;438228319;BS242378;1541400170;PROEL DI FERRARI ORSOLINA;VIA EDISON 17/3;;PROVAGLIO D'ISEO;BRESCIA;25050;309882224;309882224;IT;6150;Proprietorship;;1980;3577;438228319;;;;;;;4;;;;;;C  ;2;47;47;47;47;47;47;35000.00;;40;;EUR
116560;CL;1007526;338561006;BS499243;3031260981;TECHNE SRL;VIA DELLA MUSIA 97;;BRESCIA;BRESCIA;25135;302186278;;IT;1867;Private Limited Company;;2008;8734;338561006;439055234;IT;TECHNE HOLDING SRL;439055234;IT;TECHNE HOLDING SRL;12;3845422.00;800409.00;3355501.00;1720570.00;2199572.00;A  ;2;69;69;69;69;88;65;220000.00;;49;65;EUR
116561;CS;1006485;482227402;CH40030080004;;Printcolor AG;Welschloh 299;;Berikon;AG;8965;056 648 85 85;056 648 85 00;CH;LSC/3   ;Private Limited Company;;1932;2865;482227402;481821358;CH;MFB HOLDING AG;481821358;CH;MFB HOLDING AG;80;;;;;;EE ;2;86;86;86;86;86;87;100000.00;;;80;CHF
116561;CS;1009275;380975672;3,43721E+13;;CHIMIE TECH SERVICES;ZONE INDUSTRIELLE 5 7;5 RUE MARCELLIN BERTHELOT;ANTONY;HAUTS-DE-SEINE;92160;155595575;155595590;FR;37227;Public Company;;1988;5169;380975672;275348852;FR;COMPTOIR COMMERCIAL D'IMPORTATION;275348852;FR;COMPTOIR COMMERCIAL D'IMPORTATION;18;10674366.00;1902299.00;3806664.00;3586594.00;1617557.00;1A ;1;77;77;76;77;77;77;293000.00;;;75;EUR
116561;CS;1005388;432166946;BS514049;3207360987;ARON SRL;VIA GUGLIELMO GHISLANDI 47;;BRESCIA;BRESCIA;25125;302586430;302584805;IT;1867;Private Limited Company;;2010;5169;432166946;438060154;IT;AIR LIQUIDE ITALIA SPA;275260909;FR;L'AIR LIQUIDE SOCIETE ANONYME POUR L'ETUDE ET L'EXPLOITATION DES PROCEDES GEORGES CLAUDE;14;4892179.00;1521885.00;3886160.00;3400241.00;2074548.00;1A ;1;94;94;94;98;96;96;330000.00;;99;79;EUR
116561;CS;4094;439125071;MI1282163;9288810154;DPI DISTRIBUZIONE PRODOTTI INDUSTRIALI SRL;VIA ISACCO NEWTON 2;;CASSANO D'ADDA;MILANO;20062;363361473;;IT;1867;Private Limited Company;;1988;5065;439125071;;;;;;;4;2853726.00;232194.00;1826703.00;1237645.00;784647.00;C  ;3;13;13;36;43;83;83;15000.00;;71;74;EUR
116561;CS;5023;446858771;MI1446523;11212060153;E.O.I. TECNE SRL;VIA BENVENUTO GAROFALO 24;;MILANO;MILANO;20133;270602434;22665226;IT;1867;Private Limited Company;;1994;5084;446858771;;;;;;;11;3027695.00;506462.00;1627371.00;1587653.00;805912.00;A  ;2;84;84;84;93;90;90;210000.00;;82;75;EUR
116561;CS;105128;428185367;MI83498;741170153;EMANUELE MASCHERPA SPA;VIA NATALE BATTAGLIA 0039;;MILANO;MILANO;20127;2280031;22829945;IT;1868;Public Company;;1904;5084;428185367;428185367;IT;EMANUELE MASCHERPA SPA;428185367;IT;EMANUELE MASCHERPA SPA;57;43105265.00;44634952.00;48611462.00;32880618.00;3258379.00;4A ;1;100;100;100;100;100;100;4300000.00;;100;74;EUR
116561;CS;1006359;431276543;BS513695;3201200981;ERREGRAFICA SRL;VIA EUROPA 2;;PROVAGLIO D'ISEO;BRESCIA;25050;;;IT;1867;Private Limited Company;;2010;5099;431276543;;;;;;;2;840264.00;84422.00;881007.00;651774.00;392856.00;E  ;2;71;71;71;71;36;36;29000.00;;98;80;EUR
116561;CS;106058;429058286;BG402834;1063200172;FAUSTINELLI FRANCESCO;VIA BATTISTI 26;;COSTA VOLPINO;BERGAMO;24062;;;IT;6150;Proprietorship;;1979;3449;429058286;;;;;;;1;;;;;;E  ;1;91;91;91;91;91;91;28000.00;;75;80;EUR
116561;CS;1002166;435567896;CR102806;400840195;LSI SRL;VIA DELLA PIERINA 33;;CREMA;CREMONA;26013;37386514;373257039;IT;1867;Private Limited Company;;1979;2754;435567896;;;;;;;27;2868073.00;543166.00;2834966.00;1382834.00;1156274.00;A  ;1;98;98;98;92;92;92;150000.00;;100;80;EUR
116561;CS;1002559;428621569;NO239871;716680152;MACDERMID ALPHA ITALY SRL;VIA VIGEVANO 61;SAN MARTINO;TRECATE;NOVARA;28069;;;IT;1867;Private Limited Company;;1967;5051;428621569;428621569;IT;MACDERMID ALPHA ITALY SRL;489028195;NL;MacDermid Netherlands Coöperatief W.A.;6;20956915.00;7664297.00;8528526.00;8277323.00;623860.00;2A ;2;55;55;55;24;24;24;1300000.00;;33;56;EUR
116561;CS;1007752;433663564;MB1212635;2920620016;OERLIKON BALZERS COATING ITALY SPA;VIA VOLTURNO 37;;BRUGHERIO;MONZA E BRIANZA;20861;39289901;392872576;IT;1868;Public Company;;1983;3479;433663564;433663564;IT;OERLIKON BALZERS COATING ITALY SPA;480008051;CH;OC Oerlikon Corporation AG, Pfäffikon;92;14145384.00;11427007.00;15986566.00;7010043.00;4226992.00;3A ;1;98;98;98;95;95;95;130000.00;;91;74;EUR
116561;CS;1002371;339170755;CO255869;2345520130;SERITECNO SRL;VIA ISONZO 14/A;;TURATE;COMO;22078;296754209;296755111;IT;1867;Private Limited Company;;1997;2796;339170755;;;;;;;15;3493358.00;1264383.00;2422005.00;1746831.00;591187.00;1A ;2;78;78;78;94;94;94;160000.00;;100;80;EUR
116561;CS;118103;428699789;TO181827;467850012;SISRAM SPA;VIA PIETRO PALMIERI 27;;TORINO;TORINO;10138;114404444;114404400;IT;1868;Public Company;;1945;5051;428699789;;;;;;;19;6989560.00;4645781.00;6418288.00;6364980.00;1081647.00;2A ;1;98;98;98;78;78;78;790000.00;;83;78;EUR
116561;CS;119114;654760834;BS359603;3329520179;TEKNOMILL SRL;VIA EUROPA 100;CAMIGNONE;PASSIRANO;BRESCIA;25050;306850771;306850782;IT;1867;Private Limited Company;;1995;5099;654760834;;;;;;;2;901700.00;116514.00;1155588.00;1114203.00;968376.00;D  ;2;60;60;60;43;43;43;34000.00;;95;76;EUR
116561;CS;1006355;544243681;BO445053;2506991203;THEMA SPA;VIALE LINO ZANUSSI 6/C;;PORDENONE;PORDENONE;33170;434572677;434572686;IT;1868;Public Company;;2004;2679;544243681;;;;;;;53;12354088.00;7042669.00;12418993.00;8996639.00;3826116.00;2A ;1;100;100;100;97;97;97;950000.00;;92;80;EUR
116561;CS;1004671;174341628;;42947434;Creative Materials, Inc.;12 Willow Rd;;Ayer;Massachusetts;14325513;978 391-4700;;US;3;Private Limited Company;;1987;2899;174341628;;;;;;;14;;;;;;1R ;2;90;90;90;90;90;90;25000.00;;100;80;USD
116562;DIS;1004901;317919199;80333B52181;129352092;Future Electronics Deutschland GmbH;Max-Planck-Str. 3;;Aschheim;Bayern;85609;089/957270;;DE;7113;Private Limited Company;;1977;5065;317919199;317919199;DE;Future Electronics Deutschland GmbH;205575611;CA;Investissements Alonim Inc, Les;417;178941785.00;19282970.00;68822084.00;47883214.00;47774694.00;3A ;1;95;95;98;98;98;;1611000.00;;;74;EUR
116562;DIS;17007;428203384;MI449834;751300153;ARROW ELECTRONICS ITALIA SRL;VIALE DELL'INNOVAZIONE 3;;MILANO;MILANO;20126;292909018;471099100;IT;1867;Private Limited Company;;1954;5065;428203384;516892598;IT;ARROW ELECTRONICS EMEASA SRL;49159957;US;Arrow Electronics, Inc.;289;405403154.00;267206079.00;343456411.00;272627818.00;72206011.00;5A ;2;67;4;;;;;52000000.00;12025;5;66;EUR
116562;DIS;1002840;435784848;MI1098988;827240961;AVNET EMG ITALY SRL;CORSO ITALIA 8;;MILANO;MILANO;20122;261359238;;IT;1867;Private Limited Company;;1982;5099;435784848;435784848;IT;AVNET EMG ITALY SRL;6995419;US;Avnet, Inc.;169;270274360.00;11782460.00;102391192.00;99805527.00;87591619.00;3A ;2;67;92;;;;;4300000.00;12025;82;78;EUR
116562;DIS;12046;435784848;MI1098988;827240961;AVNET EMG ITALY SRL;CORSO ITALIA 8;;MILANO;MILANO;20122;261359238;;IT;1867;Private Limited Company;;1982;5099;435784848;435784848;IT;AVNET EMG ITALY SRL;6995419;US;Avnet, Inc.;169;270274360.00;11782460.00;102391192.00;99805527.00;87591619.00;3A ;2;67;92;;;;;4300000.00;12025;82;78;EUR
116562;DIS;1003469;856973172;MB1858144;5328060966;DARTON SRL;VIA GIUSEPPE DI VITTORIO 307/2;;SESTO SAN GIOVANNI;MILANO;20099;;37483529;IT;1867;Private Limited Company;;2006;5065;856973172;;;;;;;30;17990293.00;4499365.00;11267848.00;9755469.00;4153045.00;2A ;1;97;97;97;99;98;98;2100000.00;;83;79;EUR
116562;DIS;1002779;446936114;MI1417733;10904440152;EBV ELEKTRONIK SRL;VIA ALESSANDRO MANZONI 44;;CUSANO MILANINO;MILANO;20095;2660961;266017020;IT;1867;Private Limited Company;;1993;5065;446936114;446936114;IT;EBV ELEKTRONIK SRL;6995419;US;Avnet, Inc.;73;122647071.00;90023525.00;100931983.00;100450347.00;9079440.00;5A ;1;99;99;99;99;52;52;16000000.00;;100;79;EUR
116562;DIS;1006164;430164663;MI1971537;7620460969;EL.ITALIA SRL;VIA IV NOVEMBRE 72;;SETTIMO MILANESE;MILANO;20019;233611626;226261009;IT;1867;Private Limited Company;;1980;5065;430164663;;;;;;;7;1815780.00;1144849.00;2146703.00;1207080.00;355293.00;1A ;1;95;95;95;92;31;31;150000.00;;68;75;EUR
116562;DIS;11033;428186068;MI482061;741650154;MELCHIONI SPA;VIA PIETRO COLLETTA 37;;MILANO;MILANO;20135;257941;255181914;IT;1868;Public Company;;1947;5065;428186068;428186068;IT;MELCHIONI SPA;428186068;IT;MELCHIONI SPA;132;105125889.00;36366659.00;103623386.00;56380584.00;54299656.00;4A ;3;23;23;23;88;80;88;3000000.00;;89;74;EUR
116562;DIS;11091;432060499;BO245210;2015140375;MODULI ELETTRONICI E COMPONENTI SPA;VIA DELLA SALUTE 34/1;;BOLOGNA;BOLOGNA;40132;516418111;516414342;IT;1868;Public Company;;1978;5065;432060499;432060499;IT;MODULI ELETTRONICI E COMPONENTI SPA;432060499;IT;MODULI ELETTRONICI E COMPONENTI SPA;46;21163649.00;17823073.00;26975836.00;24057852.00;3305753.00;3A ;1;98;98;94;95;95;95;1800000.00;;86;80;EUR
116562;DIS;9159;429406564;MI1071417;7562160155;SCHURTER ELECTRONICS SPA;VIA LUIGI SETTEMBRINI 29;;LAINATE;MILANO;20045;230465311;233200917;IT;1868;Public Company;;1981;5065;429406564;429406564;IT;SCHURTER ELECTRONICS SPA;482524774;CH;Schurter Holding AG;24;10057572.00;3189965.00;4829595.00;4382601.00;1148139.00;2A ;1;99;99;99;100;99;99;1200000.00;;93;73;EUR
116562;DIS;17127;428608830;MI762346;1099040154;SGE SYSCOM SPA;VIA MONTE GRAN SASSO 35;;CINISELLO BALSAMO;MILANO;20092;2617901;2611199;IT;1868;Public Company;;1968;5065;428608830;;;;;;;37;19696910.00;7662814.00;16072036.00;14952126.00;3141824.00;2A ;1;100;100;100;100;99;99;2400000.00;;93;79;EUR
116562;DIS;1002000;428205868;MI503993;845140151;SPECIAL-IND PRODOTTI SPECIALI PER L'INDUSTRIA SPA;PIAZZA SPOTORNO 3;;MILANO;MILANO;20159;26074741;266800493;IT;1868;Public Company;;1955;5099;428205868;428205868;IT;SPECIAL-IND PRODOTTI SPECIALI PER L'INDUSTRIA SPA;265342009;FR;THE JOUGIBAT COMPAGNY;45;41518184.00;7889807.00;24506683.00;20491658.00;9397472.00;2A ;1;100;100;100;97;97;97;3600000.00;;91;77;EUR
116562;DIS;18123;513855887;MI1595886;12886080154;TTI ITALY SRL;STRADA 1 PALAZZO E 5 MILANOFIORI;CENTRO DIR. MILANOFIORI;ASSAGO;MILANO;20090;2822521;282252233;IT;1867;Private Limited Company;;1999;5099;513855887;513855887;IT;TTI ITALY SRL;1024314;US;Berkshire Hathaway Inc.;70;76572855.00;29448007.00;32409850.00;31968951.00;1107136.00;4A ;3;35;35;35;35;35;35;3700000.00;;53;79;EUR
116562;DIS;21007;434967600;FI388341;3714360488;WELT ELECTRONIC SPA;VIA DELLA TRECCIA 33;;FIRENZE;FIRENZE;50145;55302631;55310400;IT;1868;Public Company;;1985;5065;434967600;;;;;;;43;21822799.00;4418335.00;20914340.00;18429351.00;6216893.00;2A ;1;100;100;100;100;98;98;2200000.00;;84;79;EUR
116568;EL;1008855;332238716;07745B202307;151282182;ELECTRONICON Kondensatoren GmbH;Keplerstr. 2;;Gera;Thüringen;7549;0365/7346100;0365/7346110;DE;7113;Private Limited Company;;1992;3699;332238716;342225787;DE;SYSTEM ELECTRIC GmbH;342225787;DE;SYSTEM ELECTRIC GmbH;557;72816458.00;35761063.00;44646094.00;31672401.00;6191890.00;4A ;1;100;100;100;100;91;;1987000.00;;;80;EUR
116568;EL;1004806;329364327;80333B93356;129371621;HY-LINE Computer Components Vertriebs GmbH;Inselkammerstr. 10;;Unterhaching;Bayern;82008;089/61450340;089/61450350;DE;7113;Private Limited Company;;1990;5065;329364327;;;;;;;25;;5454490.00;7073962.00;7006291.00;1301706.00;2A ;1;97;97;90;85;89;;411000.00;;;80;EUR
116568;EL;1000241;326705738;64283B60943;111613109;IXYS Semiconductor GmbH;Edisonstr. 15;;Lampertheim;Hessen;68623;06206/5030;06206/503408;DE;7113;Private Limited Company;;1968;3674;326705738;326705738;DE;IXYS Semiconductor GmbH;5212246;US;Littelfuse, Inc.;398;128940034.00;81576889.00;120728525.00;104041369.00;26006289.00;5A ;1;91;91;93;93;80;;1053000.00;;;75;EUR
116568;EL;1009018;333296726;47798B10196;234983729;Jianghai Europe Electronic Components GmbH;Uerdinger Str. 125;;Krefeld;Nordrhein-Westfalen;47799;02151/6520880;02151/65208888;DE;7113;Private Limited Company;;2004;5065;333296726;507525397;DE;HID-Europe GmbH + Co. KG;507525397;DE;HID-Europe GmbH + Co. KG;8;;86671.00;5410982.00;5244133.00;5242993.00;E  ;2;79;79;79;81;75;;129000.00;;;80;EUR
116568;EL;1008310;329318190;64283B54462;;LEM Europe GmbH;Frankfurter Str. 74;;Groß-Gerau;Hessen;64521;06152/93010;06152/84661;DE;7113;Private Limited Company;;1990;5084;329318190;329318190;DE;LEM Europe GmbH;481800639;CH;LEM HOLDING SA;43;85950000.00;;;;;1A ;1;95;95;95;91;92;;807000.00;;;80;EUR
116568;EL;1008213;315906206;80333B210834;121638797;TDK Europe GmbH;Rosenheimer Str. 141e;;München;Bayern;81671;089/540200;089/540202913;DE;7113;Private Limited Company;;1972;5065;315906206;324449461;DE;TDK Electronics AG;690551346;JP;TDK CORPORATION;215;1052997387.00;55951631.00;305474356.00;294302208.00;212230901.00;5A ;2;75;75;85;85;84;;950000.00;;;69;EUR
116568;EL;1002693;315256719;63450A5479;811148525;Vacuumschmelze GmbH & Co. KG;Grüner Weg 37;;Hanau;Hessen;63450;06181/380;06181/382645;DE;7118;Other;;1923;3699;315256719;314474127;DE;VAC Germany Holding GmbH;492589271;NL;New VAC Ultimate Holdings B.V.;1394;330604000.00;94248000.00;391825000.00;261020000.00;105916000.00;5A ;1;99;99;86;89;82;;3451000.00;;;71;EUR
116568;EL;1005890;739414493;5194222;;Falco Electronics Ltd;C/o Clarkson Hyde Llp;Chancery House;Sutton;Surrey;SM1 1JB;;;GB;2547;Private Limited Company;;2004;7379;739414493;739414493;GB;FALCO ELECTRONICS LTD;669004434;HK;FALCO LIMITED;1;;461342.00;569558.00;569558.00;108216.00;A  ;1;99;99;99;94;96;96;49000.00;;60;;GBP
116568;EL;1006389;739414493;5194222;;Falco Electronics Ltd;C/o Clarkson Hyde Llp;Chancery House;Sutton;Surrey;SM1 1JB;;;GB;2547;Private Limited Company;;2004;7379;739414493;739414493;GB;FALCO ELECTRONICS LTD;669004434;HK;FALCO LIMITED;1;;461342.00;569558.00;569558.00;108216.00;A  ;1;99;99;99;94;96;96;49000.00;;60;;GBP
116568;EL;4044;429278864;RM425103;1154881005;2 B ELETTRONICA SRL;VIA AURELIA 424;;ROMA;ROMA;165;66621942;66632956;IT;1867;Private Limited Company;;1978;5065;429278864;;;;;;;6;1590772.00;400704.00;2479143.00;788808.00;1852269.00;B  ;3;10;10;10;57;57;57;13000.00;;73;76;EUR
116568;EL;1003941;428217194;MI1513225;11988960156;ABB SPA;VIA LUCIANO LAMA 33;;SESTO SAN GIOVANNI;MILANO;20099;224141;224142421;IT;1868;Public Company;;1952;3699;428217194;428217194;IT;ABB SPA;480657126;CH;ABB Ltd;5007;1760403109.00;564786190.00;1582760675.00;1281522209.00;696697864.00;5A ;2;48;48;48;98;97;97;89000000.00;12025;94;77;EUR
116568;EL;1263;441014313;MI1120279;6800090158;AGENCAVI SRL;VIA GUGLIELMO MARCONI 4;;LISCATE;MILANO;20050;295344550;295344560;IT;1867;Private Limited Company;;1983;5063;441014313;339836465;IT;DACHIAL SRL;339836465;IT;DACHIAL SRL;16;12096747.00;4955376.00;9999048.00;9743570.00;4484077.00;2A ;1;98;98;98;100;100;100;1300000.00;;100;78;EUR
116568;EL;3054;428050777;BS168910;541390175;CEMBRE SPA;VIA SERENISSIMA 9;;BRESCIA;BRESCIA;25135;;;IT;1868;Public Company;;1969;3699;428050777;432726359;IT;LYSNE SPA;432726359;IT;LYSNE SPA;451;101409755.00;140784959.00;188437940.00;85329816.00;40822775.00;5A ;1;98;98;98;100;99;99;6300000.00;;95;78;EUR
116568;EL;1000628;442703299;MO322110;2684440361;CISTELAIER SPA;VIA GANDHI MOHANDAS 1;;MODENA;MODENA;41122;59269711;59250165;IT;1868;Public Company;;1976;3679;442703299;;;;;;;147;28886446.00;11541398.00;30726935.00;16672104.00;13978441.00;3A ;1;99;99;99;96;96;98;1700000.00;12025;86;75;EUR
116568;EL;1003030;435450523;MI1144594;7165120150;COEL SRL;GALLERIA MAHATMA KARAMCHAND GANDHI 15;MAZZO;RHO;MILANO;20017;331821732;331833680;IT;1867;Private Limited Company;;1983;3699;435450523;;;;;;;58;10469615.00;2346220.00;6944086.00;5099471.00;3685234.00;2A ;1;99;99;99;94;94;94;890000.00;;84;66;EUR
116568;EL;1002153;429607542;TO641588;4538080013;COMELEC SRL;CORSO TORINO 87/D;FERRIERA;BUTTIGLIERA ALTA;TORINO;10090;119366486;119366486;IT;1867;Private Limited Company;;1983;3679;429607542;;;;;;;44;14980948.00;3157025.00;14539544.00;11614084.00;7271335.00;2A ;1;100;100;100;100;100;100;1300000.00;;82;79;EUR
116568;EL;1002429;444211296;MB1414806;2306510963;COMESTERO SISTEMI SPA;VIA BOLZANO 1/E;;VIMERCATE;MONZA E BRIANZA;20871;39625091;39667479;IT;1868;Public Company;;1993;5063;444211296;444211296;IT;COMESTERO SISTEMI SPA;444211296;IT;COMESTERO SISTEMI SPA;26;13712967.00;4077962.00;8315653.00;7605509.00;2261186.00;2A ;1;98;98;98;98;96;96;1300000.00;;88;79;EUR
116568;EL;1004371;437913346;MI1889919;976750968;CONSYSTEM SRL;VIA ENRICO STENDHAL 55;;MILANO;MILANO;20144;24241471;242291305;IT;1867;Private Limited Company;;1989;5065;437913346;338840876;IT;LIZIUM SPA;338840876;IT;LIZIUM SPA;15;14583692.00;2462357.00;9204396.00;8463239.00;2291318.00;2A ;1;100;100;100;98;98;98;1200000.00;;88;79;EUR
116568;EL;1004193;429257298;TO609387;4023520010;COREX SRL;VIA SAN GIACOMO 8;;BEINASCO;TORINO;10092;;113971436;IT;1867;Private Limited Company;;1982;3699;429257298;;;;;;;13;4606032.00;1907037.00;3568919.00;3452949.00;1413258.00;1A ;1;99;99;99;99;99;99;460000.00;;100;80;EUR
116568;EL;9154;514010016;MI1478808;11585490151;EATON INDUSTRIES (ITALY) SRL;VIA SAN BOVIO 3;;SEGRATE;MILANO;20054;2959501;295950400;IT;1867;Private Limited Company;;1995;5099;514010016;514010016;IT;EATON INDUSTRIES (ITALY) SRL;985419987;IE;EATON CORPORATION PUBLIC LIMITED COMPANY;116;65339500.00;23839149.00;42839132.00;42164726.00;17578242.00;3A ;1;91;91;91;91;75;75;6800000.00;;53;71;EUR
116568;EL;105010;432307296;MI995447;4194450153;ELSAP SPA;VIALE FAMAGOSTA 61;;MILANO;MILANO;20142;236680600;289125304;IT;1868;Public Company;;1978;5065;432307296;;;;;;;25;11260547.00;3472052.00;6328996.00;6214579.00;1707583.00;2A ;1;100;100;100;98;98;98;1200000.00;;91;78;EUR
116568;EL;1010738;339491550;MI1969588;7595130969;FINELINE ITALY SRL;VIA FRATELLI KENNEDY 22/C;;BAGNATICA;BERGAMO;24060;35670282;356668703;IT;1867;Private Limited Company;;2011;5065;339491550;339491550;IT;FINELINE ITALY SRL;659203207;SG;FINELINE GLOBAL PTE. LTD.;13;17127293.00;1280132.00;11063755.00;10463011.00;9674705.00;1A ;2;78;78;86;79;80;80;550000.00;;81;79;EUR
116568;EL;7001;434407248;VA187427;1494860123;G.T.S. ELETTROTECNICA SRL;VIA ENRICO GRIEG 20;;SARONNO;VARESE;21047;;;IT;1867;Private Limited Company;;1984;3621;434407248;;;;;;;11;1166793.00;50691.00;1006176.00;807655.00;527827.00;E  ;3;41;41;41;41;45;45;9200.00;;100;80;EUR
116568;EL;1003915;440499049;MI1653360;3171090966;HILSCHER ITALIA SRL;VIA ACHILLE GRANDI 33;;VIMODRONE;MILANO;20055;225007068;225029973;IT;1867;Private Limited Company;;2001;5065;440499049;440499049;IT;HILSCHER ITALIA SRL;324682541;DE;Hilscher Gesellschaft für Systemautomation mit beschränkter Haftung;3;2515239.00;1062474.00;1538567.00;1534849.00;374841.00;1A ;1;99;99;99;99;98;98;250000.00;;100;78;EUR
116568;EL;1001765;447020905;VI301433;2642920165;ITALOHM SRL;VIA DELLA MECCANICA 13;;VICENZA;VICENZA;36100;444965365;444965366;IT;1867;Private Limited Company;;1998;3676;447020905;447020905;IT;ITALOHM SRL;315536714;DE;ELDRO-Metall + Elektro- GmbH & Co. KG;10;1301572.00;942438.00;1658550.00;1529490.00;436900.00;A  ;1;99;99;99;99;97;97;81000.00;;100;80;EUR
116568;EL;1002594;429030687;MI945476;3229400159;ITELCOND SRL;VIA CARLO ROBERTO DARWIN 19;;SETTIMO MILANESE;MILANO;20019;290362995;290360740;IT;1867;Private Limited Company;;1976;3676;429030687;;;;;;;29;4548831.00;1014282.00;3920107.00;1949284.00;1468423.00;1A ;1;97;97;97;97;36;40;380000.00;;88;76;EUR
116568;EL;3675230126;439797666;VA370768;3675230126;LINTEQ SRL;VIA C.SOLDANI 10;;ANGERA;VARESE;21021;3311587978;;IT;1867;Private Limited Company;;2018;3679;439797666;;;;;;;1;324603.00;32097.00;124498.00;109362.00;68708.00;F  ;2;54;54;54;54;18;18;13000.00;;94;80;EUR
116568;EL;111022;433565207;BG224638;1627130162;LUCHSINGER SRL;VIA BERGAMO 25;;CURNO;BERGAMO;24035;35462678;35462790;IT;1867;Private Limited Company;;1963;5047;433565207;;;;;;;15;6392598.00;5687886.00;8025850.00;6876488.00;1734082.00;2A ;1;100;100;100;100;100;100;610000.00;;92;80;EUR
116568;EL;1005808;431947894;TV89461;191040260;MONTECAVI SRL;VIA ENRICO FERMI 2-4-6-8;;SAN VENDEMIANO;TREVISO;31020;438470314;;IT;1867;Private Limited Company;;1960;3699;431947894;431947894;IT;MONTECAVI SRL;530475615;CN;Shanghai Moons' Industries Company Ltd.;48;6789731.00;3938540.00;6465287.00;6054371.00;1720843.00;2A ;1;100;100;100;100;97;97;510000.00;;100;74;EUR
116568;EL;1010320;378452002;MO350898;2569681204;MOTOVARIO SPA;VIA QUATTRO PASSI 1/3;;FORMIGINE;MODENA;41043;59579700;59579710;IT;1868;Public Company;;1974;3568;378452002;378452002;IT;MOTOVARIO SPA;491729151;NL;TECO Motor B.V.;419;91386247.00;101461193.00;211500081.00;72486916.00;51673052.00;5A ;1;95;95;90;90;91;91;6600000.00;12025;82;75;EUR
116568;EL;1012207;441344416;VA379957;3799700129;NCAB GROUP PREVENT SRL;VIA SEMPIONE 26;;VERGIATE;VARESE;21029;;;IT;1867;Private Limited Company;;2020;5065;441344416;437772893;IT;NCAB GROUP ITALY SRL;422550660;SE;NCAB Group AB (publ);13;;;;;;GG ;3;12;12;12;12;12;;2000.00;;54;75;EUR
116568;EL;1005496;432259072;TV315066;4003330265;NORDELETTRONICA SRL;VIALE DELLE INDUSTRIE 6/A;ALBINA;GAIARINE;TREVISO;31018;434759420;434754620;IT;1867;Private Limited Company;;2005;3621;432259072;563789432;IT;AL-KO KOBER G.M.B.H. SRL;314298684;DE;AL-KO Vehicle Technology Group GmbH;39;11378257.00;3072721.00;6440958.00;5918305.00;2673778.00;2A ;1;100;100;100;100;99;99;690000.00;;100;80;EUR
116568;EL;13156;429426521;MI1078291;4957340153;OMEGA FUSIBILI SPA;VIA THOMAS ALVA EDISON 10/12;;ASSAGO;MILANO;20057;2488481;24882522;IT;1868;Public Company;;1981;3699;429426521;429426521;IT;OMEGA FUSIBILI SPA;429426521;IT;OMEGA FUSIBILI SPA;39;20490230.00;24796451.00;30238164.00;23583207.00;2876318.00;3A ;2;89;89;89;99;97;97;1700000.00;;81;;EUR
116568;EL;1005020;440106334;PN47204;1161250939;P.M.A. SPA;VIA DELL'INDUSTRIA 2;TAMAI;BRUGNERA;PORDENONE;33070;434600011;434600050;IT;1868;Public Company;;1979;3699;440106334;;;;;;;97;18006425.00;20383243.00;29349169.00;25787529.00;8285621.00;3A ;1;99;99;99;100;100;100;1800000.00;;100;78;EUR
116568;EL;14059;459409595;MI1506344;2705110969;PHOENIX CONTACT SPA;VIA VINCENZO BELLINI 39/41;;CUSANO MILANINO;MILANO;20095;2660591;266059500;IT;1868;Public Company;;1996;5099;459409595;459409595;IT;PHOENIX CONTACT SPA;315970970;DE;Phoenix Contact GmbH & Co. KG;117;89863263.00;20825555.00;46476270.00;41366404.00;23565970.00;3A ;1;99;99;99;99;99;99;10000000.00;;93;79;EUR
116568;EL;1007585;434700045;VA349999;3487690137;PREVENTCABLE SRL;VIA SEMPIONE 26;;VERGIATE;VARESE;21029;;;IT;1867;Private Limited Company;A;2013;3679;434700045;438824115;IT;KCS HOLDING SRL;438824115;IT;KCS HOLDING SRL;;102288.00;-400108.00;152031.00;104629.00;288539.00;NQ;-;0;;;;;;;;;80;EUR
116568;EL;1002499;560912987;MI1754623;4522370966;PRINATECNO SRL;VIA GERMANIA 1/E F;VIGANO;GAGGIANO;MILANO;20083;290841928;290841928;IT;1867;Private Limited Company;;2004;5065;560912987;560912987;IT;PRINATECNO SRL;560912987;IT;PRINATECNO SRL;6;3894847.00;6730051.00;9749649.00;9708279.00;2226136.00;2A ;1;98;98;98;98;98;94;520000.00;;98;80;EUR
116568;EL;1002585;431739457;VA111343;313980120;S.I.R. SRL SOCIETA' ITALIANA RESISTOR;VIA ISONZO 13;;CASTELLANZA;VARESE;21053;331504828;331504565;IT;1867;Private Limited Company;;1968;3699;431739457;431739457;IT;S.I.R. SRL SOCIETA' ITALIANA RESISTOR;481535631;CH;Widap AG;17;2860946.00;1546261.00;2164464.00;1942914.00;444684.00;1A ;1;99;99;99;100;98;98;100000.00;;91;79;EUR
116568;EL;17219;428668305;LC157633;689730133;SACCHI GIUSEPPE SPA;VIA FILIPPO DA DESIO 60;;DESIO;MONZA E BRIANZA;20832;3626351;;IT;1868;Public Company;;1957;5063;428668305;437256100;IT;SONEPAR ITALIA HOLDING SPA;275940476;FR;SOCIETE DE NEGOCE ET DE PARTICIPATION;1156;468629935.00;257216975.00;441010107.00;380287827.00;177493148.00;5A ;1;99;99;99;99;98;98;57000000.00;;93;79;EUR
116568;EL;17079;431492214;AR70645;325250512;SECO SPA;VIA ACHILLE GRANDI 20;;AREZZO;AREZZO;52100;57526979;;IT;1868;Public Company;;1979;3699;431492214;431492214;IT;SECO SPA;431492214;IT;SECO SPA;311;63473000.00;43259000.00;106462000.00;69892000.00;33068000.00;4A ;1;94;94;94;94;86;95;6300000.00;;85;79;EUR
116568;EL;17183;428608178;MI943216;741300966;SECOM SRL;VIA ARCHIMEDE 18;;SESTO SAN GIOVANNI;MILANO;20099;22406945;22406945;IT;1867;Private Limited Company;;1975;3679;428608178;;;;;;;26;7609509.00;3316710.00;6432322.00;6183877.00;2662930.00;2A ;1;98;98;98;95;95;95;760000.00;;91;78;EUR
116568;EL;1002731;541867776;RM883227;5375731006;SEMIKRON SRL;VIA LAURENTINA KM. 24.200;;POMEZIA;ROMA;71;69114241;691142430;IT;1867;Private Limited Company;;1997;3679;541867776;541867776;IT;SEMIKRON SRL;315698548;DE;Semikron International Dr. Fritz Martin GmbH & Co. KG;234;55666332.00;18018828.00;29831196.00;16850279.00;11259314.00;3A ;1;98;98;98;99;96;96;5900000.00;;83;72;EUR
116568;EL;1002578;447180001;PD241652;1406410280;SIRIO ELETTRONICA SRL;VIA ALESSANDRO VOLTA 2;;TEOLO;PADOVA;35037;499901090;499901868;IT;1867;Private Limited Company;;1992;3679;447180001;;;;;;;44;6333710.00;5644488.00;9518315.00;3720057.00;1518630.00;2A ;1;100;100;99;99;99;99;310000.00;;96;73;EUR
116568;EL;1003762;429791433;MI1854997;5871160965;SMEUCO SRL;VIA PRIVATA ALZAIA TRIESTE SNC;;CESANO BOSCONE;MILANO;20090;248880401;248880422;IT;1867;Private Limited Company;;2007;5065;429791433;;;;;;;6;3034472.00;273096.00;1571196.00;1538778.00;1068612.00;C  ;2;53;53;36;36;36;18;72000.00;;62;;EUR
116568;EL;1006760;433711731;UD200644;1860210309;TECNOMASTER SPA;VIA ALESSANDRO VOLTA 1;LAUZACCO Z.I.U.;PAVIA DI UDINE;UDINE;33050;432655350;432655349;IT;1868;Public Company;;1994;3679;433711731;434343823;IT;EQUITY SRL;434343823;IT;EQUITY SRL;45;9121958.00;7124924.00;19343981.00;8772587.00;8779922.00;2A ;2;65;65;65;65;65;66;330000.00;;75;75;EUR
116568;EL;1000697;439495677;MI1601754;12961380156;WOEHNER ELECTROTECHNICAL SYSTEMS SAS DI WOEHNER ELECTROTECHNICAL SYSTEMS GMBH;VIALE TUNISIA 29;;MILANO;MILANO;20124;26367011;263670129;IT;1869;Partnership;;1999;5063;439495677;;;;;;;13;9315791.00;2702660.00;4488282.00;4443600.00;1513307.00;A  ;3;24;24;24;24;24;24;300000.00;;18;80;EUR
116568;EL;1003458;435464180;MB1909648;1257400992;WUERTH ELEKTRONIK ITALIA SRL;VIA TRENTO 26;;VIMERCATE;MONZA E BRIANZA;20871;396872711;396872749;IT;1867;Private Limited Company;;2001;5065;435464180;435464180;IT;WUERTH ELEKTRONIK ITALIA SRL;315781997;DE;Adolf Würth GmbH & Co. KG;64;20647745.00;6255677.00;8559408.00;8342798.00;1406279.00;2A ;1;98;98;94;98;84;84;1500000.00;;97;77;EUR
116568;EL;5137;428670871;LC147966;73980146;WUERTH ELEKTRONIK STELVIO KONTEK SPA;VIA AL MOGNAGO 49;;OGGIONO;LECCO;23848;341265400;341265400;IT;1868;Public Company;;1973;3699;428670871;433445129;IT;WUERTH SRL;315781997;DE;Adolf Würth GmbH & Co. KG;146;22105570.00;9583195.00;33169329.00;11128629.00;12483953.00;2A ;2;67;30;;;;;570000.00;12025;83;76;EUR
116568;EL;1002855;357313303;5564665569;;Noratel Sweden AB;Lars Lindahls Väg 2;;Laxå;Örebro;69531;584444400;58410670;SE;LSC/14  ;Private Limited Company;;1993;5084;357313303;357313303;SE;Noratel Sweden AB;515033017;NO;Eiendomsselskapet Elektroveien 7 AS;25;271116000.00;87027000.00;133447000.00;113941000.00;38114000.00;3A ;AAA;80;80;80;80;80;93;16266000.00;100;;75;SEK
116563;EM;1002420;446866568;MI1372324;10425600151;BRUSATORI SRL;VIA ANTONIO MEUCCI 5/7 7 A;;CUGGIONO;MILANO;20012;225060140;225060140;IT;1867;Private Limited Company;;1991;3621;446866568;;;;;;;38;6976673.00;5244542.00;9155409.00;8438826.00;1513264.00;2A ;1;99;99;99;99;98;100;390000.00;;100;79;EUR
116563;EM;1001767;514126192;MI1508367;11890670158;OMAL SRL;VIA ARNO 18;;BOLLATE;MILANO;20021;233260450;233261087;IT;1867;Private Limited Company;;1996;3479;514126192;;;;;;;37;5522155.00;2837466.00;5591445.00;3130119.00;1684210.00;2A ;1;99;99;99;99;99;99;320000.00;;91;79;EUR
116564;ME;1006791;480924547;CH52430059328;;Metallux AG;Via Moree 12;;Mendrisio;TI;6850;091 640 64 50;091 640 64 51;CH;LSC/3   ;Private Limited Company;;1955;3678;480924547;480924547;CH;Metallux AG;429127798;IT;ELTEK SPA;1500;20000000.00;;;;;CC ;1;96;96;98;98;98;100;475000.00;;;81;CHF
116564;ME;1004786;481514727;CH64510006423;;PX Précimet S.A.;Boulevard des Eplatures 42;;La Chaux-de-Fonds;NE;2300;032 924 02 88;032 924 02 10;CH;LSC/3   ;Private Limited Company;;1983;3316;481514727;482125671;CH;PX Group S.A.;482125671;CH;PX Group S.A.;500;;;;;;AA ;1;92;92;96;96;96;96;500000.00;;;83;CHF
116564;ME;89073B732801;313584368;89073B732801;;Carl Stahl Technocables GmbH;Tobelstr. 2;;Süßen;Baden-Württemberg;73079;07162/40070;07162/40078810;DE;7113;Private Limited Company;;2015;3496;313584368;316144690;DE;Carl Stahl GmbH;316144690;DE;Carl Stahl GmbH;50;;;;;;BB ;2;85;85;85;86;86;;160000.00;;;80;EUR
116564;ME;1003835;315029397;79098B540034;811178046;Constellium Singen GmbH;Alusingenplatz 1;;Singen (Hohentwiel);Baden-Württemberg;78224;07731/800;07731/802065;DE;7113;Private Limited Company;;1912;3355;315029397;341579984;DE;Constellium Germany Holdco GmbH & Co.KG;274121531;FR;CONSTELLIUM SE;1264;522657243.00;69553328.00;250930649.00;104683796.00;89142918.00;5A ;1;99;99;98;98;99;;4052000.00;;;77;EUR
116564;ME;1001607;315012021;70190A480240;142646677;Hugo Kern und Liebers GmbH & Co. KG Platinen- und Federnfabrik;Dr.-Kurt-Steim-Str. 35;;Schramberg;Baden-Württemberg;78713;07422/5110;07422/511200;DE;7118;Other;;1888;3469;315012021;315012021;DE;Hugo Kern und Liebers GmbH & Co. KG Platinen- und Federnfabrik;315012021;DE;Hugo Kern und Liebers GmbH & Co. KG Platinen- und Federnfabrik;7053;637770000.00;258010000.00;635422000.00;290895000.00;271121000.00;5A ;1;94;94;94;91;91;;3248000.00;;;79;EUR
116564;ME;1008265;316192228;86150B8062;811365846;J. N. Eberle Federnfabrik Gesellschaft mit beschränkter Haftung;Hochfeldstr. 6-8;;Schwabmünchen;Bayern;86830;08232/50020;08232/5002166;DE;7113;Private Limited Company;;1836;3493;316192228;315012021;DE;Hugo Kern und Liebers GmbH & Co. KG Platinen- und Federnfabrik;315012021;DE;Hugo Kern und Liebers GmbH & Co. KG Platinen- und Federnfabrik;470;;;;;;AA ;1;89;89;89;89;82;;491000.00;;;79;EUR
116564;ME;1006176;331493028;16816B6358NP;222639284;Prignitz Mikrosystemtechnik GmbH;Margarethenstr. 61;;Wittenberge;Brandenburg;19322;03877/567460;03877/5674618;DE;7113;Private Limited Company;;2002;3679;331493028;;;;;;;62;;2289846.00;6744401.00;4424105.00;4289629.00;2A ;2;46;46;46;46;54;;51000.00;;;80;EUR
116564;ME;1006482;316625466;79098B410317;142398169;Streck Transportgesellschaft mit beschränkter Haftung;Brombacher Str. 61;;Lörrach;Baden-Württemberg;79539;07621/1770;07621/177219;DE;7113;Private Limited Company;;1946;4731;316625466;316625466;DE;Streck Transportgesellschaft mit beschränkter Haftung;316625466;DE;Streck Transportgesellschaft mit beschränkter Haftung;715;171655033.00;53293425.00;75539023.00;29433162.00;12556729.00;5A ;1;90;90;86;83;76;;865000.00;;;69;EUR
116564;ME;1003057;348686833;3,90371E+13;;ARRK LCO PROTOMOULE;ZONE INDUSTRIELLE DES GRANDS VRIS;194 ALLEE DE CHAMPS GALERE;ALBY SUR CHERAN;HAUTE-SAVOIE;74540;450681239;;FR;2096;Public Company;;1993;8711;348686833;348686833;FR;ARRK LCO PROTOMOULE;348686833;FR;ARRK LCO PROTOMOULE;60;11145261.00;6098776.00;9146634.00;7164343.00;2591460.00;2A ;1;79;79;78;79;79;40;326000.00;;;77;EUR
116564;ME;1003752;237281931;3722788;;Alloy Wire International Limited;Unit 5A, Narrowboat Way;Hurst Business Park;Brierley Hill;West Midlands;DY5 1UF;1384262022;;GB;2547;Private Limited Company;;1945;3496;237281931;219225996;GB;ALLOY WIRE HOLDINGS LIMITED;219225996;GB;ALLOY WIRE HOLDINGS LIMITED;30;9188014.00;10510241.00;13210476.00;12200708.00;2607614.00;3A ;1;97;97;97;93;94;93;648000.00;;99;78;GBP
116564;ME;102129;430498097;BO297741;628991200;BERARDI BULLONERIE SRL;VIA SAN CARLO 1;LOC. POGGIO PICCOLO;CASTEL GUELFO DI BOLOGNA;BOLOGNA;40023;51739632;542671940;IT;1867;Private Limited Company;;1952;5051;430498097;430498097;IT;BERARDI BULLONERIE SRL;430498097;IT;BERARDI BULLONERIE SRL;218;60383980.00;21298667.00;51659985.00;42049309.00;24609695.00;3A ;1;99;99;99;99;98;98;5700000.00;;86;80;EUR
116564;ME;102147;428593016;MI299223;721120152;BOSSARD ITALIA SRL;VIA SALVATORE QUASIMODO 12/14;;LEGNANO;MILANO;20025;33193701;;IT;1867;Private Limited Company;;1941;5051;428593016;428593016;IT;BOSSARD ITALIA SRL;481811925;CH;Kolin Holding AG;36;14724181.00;3622684.00;13424914.00;6638624.00;9147076.00;2A ;1;93;93;93;93;13;13;1300000.00;;98;78;EUR
116564;ME;1001604;459243291;BG287500;2414510160;C.G.T. FEBO TECNOPOLIMERI SRL;VIA COPENAGHEN 4;;VERDELLINO;BERGAMO;24040;35885655;354191192;IT;1867;Private Limited Company;;1995;5169;459243291;428316236;IT;FEBO SPA;428316236;IT;FEBO SPA;22;18763862.00;4612275.00;17236831.00;15773885.00;9338894.00;2A ;1;100;100;100;100;100;100;2300000.00;;100;80;EUR
116564;ME;1006774;458491367;BS469873;2681450983;CARRO LUIGI SRL;TRAVERSA TRECENTOTTANTA DI VIA LAVORO E INDUSTRIA 20;;RUDIANO;BRESCIA;25030;30716526;30716526;IT;1867;Private Limited Company;;1977;3089;458491367;;;;;;;32;2257483.00;1281761.00;2909517.00;2164039.00;752505.00;1A ;1;96;96;96;96;96;96;90000.00;;100;79;EUR
116564;ME;1009628;432636681;VA249392;2343630121;CARVE SRL;VIA GARAVAGLIA 225;;CARONNO PERTUSELLA;VARESE;21042;296451013;296450915;IT;1867;Private Limited Company;;1996;3441;432636681;;;;;;;9;1160962.00;1056937.00;1385887.00;1200078.00;230691.00;1A ;1;99;99;99;97;99;99;38000.00;;100;78;EUR
116564;ME;1009709;431967017;PD101906;208300285;CDC SRL;VIA CILE 12;;PADOVA;PADOVA;35127;498700922;498700787;IT;1867;Private Limited Company;;1966;5099;431967017;431967017;IT;CDC SRL;537712908;DE;LFD Verwaltungsges. mbH;13;4869312.00;1494727.00;5325468.00;3238185.00;3251842.00;1A ;2;80;80;61;23;43;43;360000.00;;69;74;EUR
116564;ME;1000737;438131591;MN168574;1588180206;CHIMASI SRL;VIA GIOVANNI FALCONE 1;;CASALOLDO;MANTOVA;46040;376732011;;IT;1867;Private Limited Company;;1990;3089;438131591;;;;;;;12;1445498.00;1471074.00;2543359.00;997393.00;369938.00;1A ;1;95;95;95;95;94;94;66000.00;;100;78;EUR
116564;ME;103226;443961735;AO50474;571320076;COGNE ACCIAI SPECIALI SPA;STRADA PARAVERA 16;;AOSTA;AOSTA;11100;1653021;165302394;IT;1868;Public Company;;1991;3312;443961735;443961735;IT;COGNE ACCIAI SPECIALI SPA;400736468;LU;MEG S.A.;1056;406271226.00;234282510.00;474766730.00;258831517.00;163824528.00;5A ;1;98;98;98;98;95;95;44000000.00;;90;74;EUR
116564;ME;103170;439374372;BS325160;1577930983;COMITES SRL;VIA TREBOLDI 184/H I;;EDOLO;BRESCIA;25048;36471740;36473135;IT;1867;Private Limited Company;;1990;3699;439374372;;;;;;;16;1440216.00;585939.00;1027908.00;707877.00;212820.00;A  ;1;98;98;98;94;94;94;75000.00;;100;79;EUR
116564;ME;1002621;437913346;MI1889919;976750968;CONSYSTEM SRL;VIA ENRICO STENDHAL 55;;MILANO;MILANO;20144;24241471;242291305;IT;1867;Private Limited Company;;1989;5065;437913346;338840876;IT;LIZIUM SPA;338840876;IT;LIZIUM SPA;15;14583692.00;2462357.00;9204396.00;8463239.00;2291318.00;2A ;1;100;100;100;98;98;98;1200000.00;;88;79;EUR
116564;ME;1008240;338380904;MO356704;3084450364;COOLTECH SRL;VIA PRAMPOLINI 30;;FORMIGINE;MODENA;41043;595186200;595186215;IT;1867;Private Limited Company;;2006;3829;338380904;;;;;;;49;7981997.00;1142188.00;6323883.00;4500390.00;4768154.00;1A ;2;79;79;79;66;12;12;450000.00;;70;76;EUR
116564;ME;3034;440768141;BS296214;2076920988;COS.ME SRL;VIA ARTIGIANI 21;TORBIATO;ADRO;BRESCIA;25030;307450979;307453542;IT;1867;Private Limited Company;;1986;3441;440768141;;;;;;;5;1073752.00;463583.00;818910.00;670168.00;255160.00;B  ;1;94;94;94;94;94;94;31000.00;;100;80;EUR
116564;ME;103119;428569693;MB895367;1918740158;CROSS POINT SRL;VIA GAETANA AGNESI 123;;DESIO;MONZA E BRIANZA;20832;36248881;362306810;IT;1867;Private Limited Company;;1974;3679;428569693;430806656;IT;LUX SRL;430806656;IT;LUX SRL;45;9599477.00;3197042.00;7997551.00;7354686.00;1447156.00;2A ;1;99;99;99;100;100;100;660000.00;;77;76;EUR
116564;ME;1002586;429446503;CO176941;2041950136;EBM-PAPST SRL;VIA GIANMARIA CORNAGGIA MEDICI 108;;MOZZATE;COMO;22076;331836201;331821510;IT;1867;Private Limited Company;;1978;5064;429446503;429446503;IT;EBM-PAPST SRL;315797662;DE;ebm-papst Mulfingen GmbH & Co. KG;98;135555290.00;97994533.00;107212085.00;90799419.00;8789962.00;5A ;1;100;100;100;100;100;100;17000000.00;;100;78;EUR
116564;ME;5070;430071357;BS250482;614680981;ELMEC SRL;VIA EUROPA 4;;POLAVENO;BRESCIA;25060;308940026;308940046;IT;1867;Private Limited Company;;1981;3499;430071357;;;;;;;43;5669717.00;6652428.00;9136920.00;3908046.00;1622554.00;2A ;1;93;93;93;93;97;97;240000.00;;100;79;EUR
116564;ME;1009606;437131048;AN111528;1154940421;EMMEGI SPA;ZONA INDUSTRIALE PIAN VOLPELLO 21;;CASTELLEONE DI SUASA;ANCONA;60010;71966723;71966626;IT;1868;Public Company;;1977;3449;437131048;437131048;IT;EMMEGI SPA;437131048;IT;EMMEGI SPA;57;11304855.00;10848182.00;20620380.00;10767896.00;3554378.00;3A ;1;98;98;98;100;100;100;920000.00;;100;80;EUR
116564;ME;1002758;565123614;VA297538;2873440123;EQL SRL;VIA LUIGI PIRANDELLO 12;;BISUSCHIO;VARESE;21050;332850319;332851646;IT;1867;Private Limited Company;;2005;3441;565123614;429349996;IT;ELETTROQUADRI SRL;429349996;IT;ELETTROQUADRI SRL;9;1443663.00;889206.00;1705569.00;1326641.00;474096.00;A  ;2;90;90;90;94;78;78;73000.00;;98;72;EUR
116564;ME;105011;428672331;BS210352;579550989;ESTRAL SPA;VIA ARTIGIANALE 19;;MANERBIO;BRESCIA;25025;309373101;309381465;IT;1868;Public Company;;1975;3353;428672331;435302265;IT;CASA DE COLLI SRL;435302265;IT;CASA DE COLLI SRL;260;84762993.00;49196398.00;117884564.00;41212779.00;46085205.00;4A ;1;95;95;95;95;97;97;8300000.00;;100;80;EUR
116564;ME;1003916;436239495;BG254120;2001270160;GC CARMINATI SRL;VIA CA' NOA 48/A;;VAL BREMBILLA;BERGAMO;24012;34598216;;IT;1867;Private Limited Company;;1974;3449;436239495;;;;;;;53;5855130.00;4071821.00;7868513.00;4742467.00;2179556.00;2A ;1;100;100;100;100;100;100;290000.00;;100;79;EUR
116564;ME;1009339;338829738;MO374649;3289520367;GRAFOS STEEL SRL;VIA CLAUDIO TREVES 19/21;;FORMIGINE;MODENA;41043;595750267;598672070;IT;1867;Private Limited Company;;2001;3577;338829738;;;;;;;62;7506817.00;1625004.00;7436074.00;5325006.00;2547747.00;1A ;1;98;98;98;95;95;95;360000.00;;71;79;EUR
116564;ME;1005719;655654858;BS413416;3524740176;IMET SPA;VIA CASSANO 142;ZONA INDUSTRIALE;SERRAVALLE SCRIVIA;ALESSANDRIA;15069;143607599;;IT;1868;Public Company;;1999;3353;655654858;433659976;IT;METRA HOLDING SPA;433659976;IT;METRA HOLDING SPA;49;18177550.00;7307617.00;18459165.00;7480999.00;10238147.00;2A ;1;91;91;91;91;98;98;1700000.00;;100;78;EUR
116564;ME;1002669;654954270;MI1449767;2424170963;L.C. INCISIONI SAS DI LONGO COSIMO & C.;VIA ZUCCHI 39/A;;CUSANO MILANINO;MILANO;20095;26195799;266404712;IT;1869;Partnership;;1994;3499;654954270;;;;;;;2;;;;;;HH ;1;92;92;92;92;92;92;23000.00;;97;80;EUR
116564;ME;111033;428356323;VA41557;214880122;LATI INDUSTRIA TERMOPLASTICI SPA;VIA FRANCESCO BARACCA 7;;VEDANO OLONA;VARESE;21040;;332409235;IT;1868;Public Company;;1945;2821;428356323;431795681;IT;SVI SVILUPPO INDUSTRIALE SPA;431795681;IT;SVI SVILUPPO INDUSTRIALE SPA;250;130931439.00;69512039.00;129183702.00;82196192.00;38372267.00;5A ;1;100;100;100;100;100;100;13000000.00;;98;80;EUR
116564;ME;1005996;338661254;BS466431;3855220962;MARFRAN SRL;VIA GIULIO PASTORE 33/35;NIGOLINE;CORTE FRANCA;BRESCIA;25040;309860511;30984244;IT;1867;Private Limited Company;;2003;2822;338661254;;;;;;;33;14235128.00;5821395.00;10123414.00;7308358.00;3985520.00;2A ;1;98;98;98;98;96;99;1200000.00;;100;79;EUR
116564;ME;1002157;428473420;MI1487093;11667220153;MGM METAL INDUSTRY SPA;VIA SALVATORE QUASIMODO 22/10;;SANTO STEFANO TICINO;MILANO;20010;297270567;;IT;1868;Public Company;;1996;3441;428473420;431585733;IT;GEMMA SRL;431585733;IT;GEMMA SRL;63;9855007.00;1543023.00;10129377.00;4779347.00;5031181.00;1A ;1;91;91;91;68;68;68;450000.00;;84;74;EUR
116564;ME;1007725;339500578;MI1970190;7600190966;MITOS SRL;VIA NEGRONI 30;;PESSANO CON BORNAGO;MILANO;20042;295749273;295744857;IT;1867;Private Limited Company;;2011;3452;339500578;;;;;;;11;1278421.00;65840.00;1690708.00;1159269.00;676443.00;E  ;3;35;35;35;19;19;19;11000.00;;59;70;EUR
116564;ME;112159;430349394;MB1869691;2717830968;MOLLIFICIO MARCHESI SRL;VIA DELLE INDUSTRIE 2/B;;BUSNAGO;MONZA E BRIANZA;20874;396957618;396959171;IT;1867;Private Limited Company;;1997;3449;430349394;;;;;;;7;2504646.00;1609419.00;2847183.00;2359233.00;465493.00;1A ;1;100;100;100;100;99;99;91000.00;;92;80;EUR
116564;ME;112192;441074028;CO223434;1879680138;MUSSARI SRL;VIA REPUBBLICA 11/B;;LURATE CACCIVIO;COMO;22075;31390677;31390010;IT;1867;Private Limited Company;;1990;3357;441074028;;;;;;;77;11140333.00;4431052.00;13884582.00;6844492.00;5756402.00;2A ;1;91;91;91;90;57;57;940000.00;;93;80;EUR
116564;ME;1007734;447323528;BG178676;862170164;O & BI SRL;VIA DON PRIMO MAZZOLARI 3;;CALCIO;BERGAMO;24054;363968184;363906353;IT;1867;Private Limited Company;;1979;3499;447323528;;;;;;;13;1218290.00;397009.00;1512081.00;699028.00;983098.00;B  ;3;25;25;25;34;30;30;4900.00;;57;;EUR
116564;ME;1009183;433632262;MI1072776;6149030154;O.L.L. SRL OFFICINA LAVORAZIONE LAMIERE;VIA CALDARA 11;;TREZZANO SUL NAVIGLIO;MILANO;20090;24455909;24455041;IT;1867;Private Limited Company;;1981;3499;433632262;;;;;;;14;1470711.00;2110364.00;3130069.00;1731414.00;416381.00;2A ;1;99;99;99;99;100;100;36000.00;;98;80;EUR
116564;ME;1003466;560447984;BG346928;3071910164;O.M.R. SRL OFFICINE MECCANICHE RINALDI;VIA MAGNAVACCHE 11;LOCALITA' BREMBILLA;VAL BREMBILLA;BERGAMO;24012;34598027;34599280;IT;1867;Private Limited Company;;2003;3449;560447984;433814779;IT;IMMOBILIARE RINALDI SRL;433814779;IT;IMMOBILIARE RINALDI SRL;20;2408594.00;331660.00;1966292.00;1444646.00;958793.00;B  ;1;96;96;96;96;96;96;94000.00;;100;80;EUR
116564;ME;114009;440602241;MI1254086;8835280150;OMMC ITALFLEX SRL;VIA PIAN DI ROCCO 22/24;;CARASCO;GENOVA;16042;185350231;185351240;IT;1867;Private Limited Company;;1987;1799;440602241;435083519;IT;FINADEL SPA;435083519;IT;FINADEL SPA;16;1929904.00;1686428.00;2474641.00;2140224.00;282505.00;1A ;1;98;98;98;97;97;97;97000.00;;100;79;EUR
116564;ME;1002635;437111024;PS107310;1084350410;PADA ENGINEERING SRL;VIA GIOVANNI BATTISTA PIRELLI 11;SALTARA;COLLI AL METAURO;PESARO E URBINO;61036;721899555;721897064;IT;1867;Private Limited Company;;1988;3353;437111024;;;;;;;82;10535296.00;1006295.00;11027124.00;7689388.00;7393513.00;1A ;4;1;1;8;14;65;65;;12025;1;56;EUR
116564;ME;17201;443232707;BL62735;654590256;SACET SRL;VIA DEL CANDEL 55/D;;BELLUNO;BELLUNO;32100;43733166;43734600;IT;1867;Private Limited Company;;1985;3699;443232707;;;;;;;48;10155499.00;13619590.00;20814776.00;12488270.00;6707144.00;3A ;1;99;99;99;99;97;97;580000.00;;96;71;EUR
116564;ME;1008374;514265573;BG319733;1054510969;SEBE'C SRL;VIA LEGA LOMBARDA 342;;STEZZANO;BERGAMO;24040;352050111;354540492;IT;1867;Private Limited Company;;1999;3449;514265573;439088600;IT;CMO GROUP SRL;439088600;IT;CMO GROUP SRL;48;14472539.00;7168618.00;11292056.00;7255207.00;3217058.00;2A ;1;100;100;100;99;99;98;1300000.00;;100;79;EUR
116564;ME;1000683;445092823;BG328209;2844370169;SERVICEINDUSTRIA DI COLOMBI SILVIA & C. SNC;VIA ALESSANDRO MANZONI 50;;SARNICO;BERGAMO;24067;354262072;35040902;IT;47;Partnership;;2001;5084;445092823;;;;;;;1;;;;;;B  ;3;41;41;41;41;41;41;49000.00;;46;;EUR
116564;ME;1003438;429182079;AN152034;1569310426;TASTITALIA SRL;VIA JESINA 27/P;;CASTELFIDARDO;ANCONA;60022;;717206000;IT;1867;Private Limited Company;;1972;3679;429182079;429182079;IT;TASTITALIA SRL;356488577;SE;Carl Bennet AB;67;9412768.00;5927009.00;10670460.00;8614210.00;2499107.00;2A ;1;100;100;100;100;100;100;420000.00;;86;78;EUR
116564;ME;1008297;435662398;BO519671;3444781201;TECNOAL SRL;VIA CLODOVEO BONAZZI 19/21;;CASTEL MAGGIORE;BOLOGNA;40013;517092301;51702335;IT;1867;Private Limited Company;;1985;3449;435662398;432240588;IT;TECNOAL SNC DI POPPI PAOLO & C.;432240588;IT;TECNOAL SNC DI POPPI PAOLO & C.;54;7005215.00;2710936.00;10039938.00;7599808.00;2956946.00;2A ;2;48;48;48;99;99;99;210000.00;;77;78;EUR
116564;ME;1005257;440874543;PV183099;1388790188;TERMOTECH SRL;VIA MONTEBELLO 45;;VIGEVANO;PAVIA;27029;381347857;381698730;IT;1867;Private Limited Company;;1990;3699;440874543;440874543;IT;TERMOTECH SRL;356450783;SE;Nibe Industrier AB;23;4154636.00;4213087.00;5408368.00;5253939.00;874354.00;2A ;1;98;98;98;100;99;99;260000.00;;64;78;EUR
116564;ME;1002896;428678858;MI522448;754460152;TOPFLIGHT ITALIA SPA;VIA CRISTOFORO COLOMBO 5;;VIDIGULFO;PAVIA;27018;3821850225;382696014;IT;1868;Public Company;;1959;2759;428678858;;;;;;;29;2157354.00;6736877.00;7925748.00;1955235.00;232449.00;2A ;1;100;100;100;100;100;100;50000.00;;100;75;EUR
116564;ME;1002178;447496675;VI235887;2505070249;TRE S SRL;VIA DEL PROGRESSO 26;;SOVIZZO;VICENZA;36050;444551224;444376246;IT;1867;Private Limited Company;;1995;3353;447496675;;;;;;;24;2705083.00;263790.00;2352890.00;1708400.00;1336160.00;C  ;2;88;88;88;88;65;65;110000.00;;94;76;EUR
116564;ME;1002572;428871408;VA143766;3626000156;VISENTIN ANSELMO;VIA MONTE GENEROSO 282;;CARONNO PERTUSELLA;VARESE;21042;29650766;;IT;6150;Proprietorship;;1977;2599;428871408;;;;;;;3;;;;;;D  ;2;47;47;47;47;47;47;23000.00;;38;;EUR
116564;ME;1004168;458864019;VE326350;4956870960;ZIEHL-ABEGG ITALIA SRL;VIA I MAGGIO 10;;DOLO;VENEZIA;30031;415101817;415131953;IT;1867;Private Limited Company;;2005;5084;458864019;458864019;IT;ZIEHL-ABEGG ITALIA SRL;342737560;DE;ZIEHL HOLDING SE;37;45464692.00;14533408.00;17722549.00;17464136.00;2664808.00;3A ;1;98;98;98;98;99;99;5100000.00;;99;80;EUR
116564;ME;1004080;656062833;34051920;;DELTA ELECTRONICS, INC.;No. 186, Ruiguang Rd.,;;Taipei City;;11491;02-87972088;02-87972120;TW;LSC/115 ;Public Company;;1975;3679;656062833;656062833;TW;DELTA ELECTRONICS, INC.;656062833;TW;DELTA ELECTRONICS, INC.;9047;282605493000.00;103130011000.00;336416215000.00;174886855000.00;94023501000.00;5A ;1;95;95;;;;;;;;76;TWD
116564;ME;1003984;8283996;;952151641;California Fine Wire Co.;338 S 4th St;;Grover Beach;California;934331999;805 489-5144;;US;3;Private Limited Company;;1961;3357;8283996;8283996;US;California Fine Wire Co.;8283996;US;California Fine Wire Co.;65;;;;;;1R ;2;97;97;97;97;97;97;60000.00;;97;80;USD
116564;ME;5073895;5073895;;362162305;Deringer-Ney Inc.;353 Woodland Ave;;Bloomfield;Connecticut;60021386;860 242-2281;;US;3;Private Limited Company;;1950;3469;5073895;;;;;;;396;;;;;;1R ;2;81;81;74;74;74;74;300000.00;;93;77;USD
116565;NO COD;1001945;328148106;80333B131361;812962726;AMADA Weld Tech GmbH;Lindberghstr. 1;;Puchheim;Bayern;82178;089/8394030;089/83940310;DE;7113;Private Limited Company;;2000;3548;328148106;328148106;DE;AMADA Weld Tech GmbH;690539150;JP;AMADA CO., LTD.;64;49253853.00;17270298.00;32060264.00;24570308.00;7639214.00;3A ;1;94;94;96;96;97;;606000.00;;;82;EUR
116565;NO COD;1006721;317938488;80333V4461;129515865;Fraunhofer-Gesellschaft zur Förderung der angewandten Forschung eingetragener Verein;Hansastr. 27c;;München;Bayern;80686;089/12050;089/12057531;DE;7100;Other;;1949;8641;317938488;317938488;DE;Fraunhofer-Gesellschaft zur Förderung der angewandten Forschung eingetragener Verein;317938488;DE;Fraunhofer-Gesellschaft zur Förderung der angewandten Forschung eingetragener Verein;28000;2704472691.00;15355630.00;3708385981.00;1308790291.00;440729171.00;5A ;2;64;64;57;57;57;;1455000.00;;;69;EUR
116565;NO COD;21004;379677925;4,09453E+13;;WIND RIVER;5 AVENUE CARNOT;;MASSY;ESSONNE;91300;;;FR;2095;Private Limited Company;;1996;2741;379677925;379677925;FR;WIND RIVER;876542077;US;Tpg Capital Management, L.P.;17;14192038.00;12391964.00;19696142.00;19281787.00;6956023.00;3A ;1;78;78;79;80;80;80;33000.00;;;61;EUR
116565;NO COD;1009570;440658813;BS356657;3309390171;ABL AUTOMAZIONE SRL;VIA MANDOLOSSA 102;;GUSSAGO;BRESCIA;25064;303731822;303731298;IT;1867;Private Limited Company;;1995;3559;440658813;439381112;IT;INDUSTRIE SALERI ITALO SPA;439381112;IT;INDUSTRIE SALERI ITALO SPA;43;8025284.00;92517.00;10315306.00;7838687.00;7945309.00;E  ;3;9;9;9;9;97;99;4100.00;;77;77;EUR
116565;NO COD;1011590;654774850;MI1718901;8238310018;ALTEN ITALIA SPA;VIA GAETANO CRESPI 12;;MILANO;MILANO;20134;236571000;;IT;1868;Public Company;;1983;7372;654774850;654774850;IT;ALTEN ITALIA SPA;502875784;FR;ALTEN;2275;106427894.00;30589128.00;70809110.00;67504269.00;35933006.00;4A ;1;100;100;100;100;100;100;110000.00;;94;78;EUR
116565;NO COD;1006831;430256186;PG272575;3216310544;ANGELANTONI TEST TECHNOLOGIES SRL;LOCALITA' CIMACOLLE 464;;MASSA MARTANA;PERUGIA;6056;7589551;758955200;IT;1867;Private Limited Company;;1987;3559;430256186;438723850;IT;ANGELANTONI INDUSTRIE SRL;438723850;IT;ANGELANTONI INDUSTRIE SRL;207;38478347.00;9381457.00;70044933.00;53980973.00;53145455.00;2A ;2;71;71;71;40;40;40;1800000.00;;75;80;EUR
116565;NO COD;1005336;516982993;;;ASSIDIM;VIA PANTANO 2;;MILANO;MILANO;20122;28056207;;IT;9143;Other;;1981;8699;516982993;;;;;;;13;;;;;;O  ;1;99;99;99;99;98;98;9300.00;;45;;EUR
116565;NO COD;1001681;446467040;BS420352;3564460172;ASSYRUS SRL;PIAZZALE CESARE BATTISTI 7;;BRESCIA;BRESCIA;25128;30397976;30381092;IT;1867;Private Limited Company;;2000;5065;446467040;446467040;IT;ASSYRUS SRL;446467040;IT;ASSYRUS SRL;13;4875717.00;449005.00;2357951.00;1712762.00;1690798.00;B  ;2;76;76;76;75;75;75;170000.00;;85;72;EUR
116565;NO COD;1011808;438119773;BS421646;2139800987;AVANTEK DI CHIARINI GIOVANNI & C. SAS;VIA RANGO 40/42;SAN SEBASTIANO;LUMEZZANE;BRESCIA;25065;;308248403;IT;1869;Partnership;;2000;5072;438119773;;;;;;;3;;;;;;GG ;3;8;8;8;22;34;34;2000.00;;44;64;EUR
116565;NO COD;1002387;514037949;VA259265;2457370126;AXEL SRL;VIALE VINCENZO DANDOLO 5;;VARESE;VARESE;21100;332949600;332969315;IT;1867;Private Limited Company;;1998;1799;514037949;428113930;IT;FICEP SPA;428113930;IT;FICEP SPA;9;683174.00;498346.00;751404.00;715078.00;143976.00;B  ;1;95;95;95;94;75;95;4700.00;;93;80;EUR
116565;NO COD;1010699;629889981;MI1353756;10195970156;BGP MANAGEMENT CONSULTING SPA;VIA FELICE CAVALLOTTI 15;;MILANO;MILANO;20122;245475350;245475349;IT;1868;Public Company;;1990;7372;629889981;629889981;IT;BGP MANAGEMENT CONSULTING SPA;629889981;IT;BGP MANAGEMENT CONSULTING SPA;161;28335652.00;5499903.00;20985049.00;19095985.00;11608734.00;2A ;1;100;100;100;100;100;100;1100000.00;;92;76;EUR
116565;NO COD;1000556;432602399;CN135919;1786630044;BI ESSE SPA;VIA CHIARINI B. 7;;FOSSANO;CUNEO;12045;172693347;172693228;IT;1868;Public Company;;1980;5063;432602399;432602399;IT;BI ESSE SPA;432602399;IT;BI ESSE SPA;310;131763774.00;39717844.00;121702207.00;98191444.00;63934153.00;4A ;1;98;98;98;98;96;96;13000000.00;;78;77;EUR
116565;NO COD;1004810;338840867;BS511269;3171310984;C.I.E.B. ELETTROFORNITURE SPA;VIA GIAN BATTISTA CACCIAMALI 62;;BRESCIA;BRESCIA;25125;30347653;303533694;IT;1868;Public Company;;1974;5063;338840867;439892163;IT;CIEB HOLDING SPA;439892163;IT;CIEB HOLDING SPA;133;59230465.00;12082476.00;49532898.00;45524324.00;25868174.00;3A ;1;100;100;100;100;99;99;6000000.00;;100;78;EUR
116565;NO COD;1008718;436442631;BS360166;3329360170;CAUTO-CANTIERE AUTOLIMITAZIONE COOP SOCIALE A RL;VIA BUFFALORA 3/E;;BRESCIA;BRESCIA;25135;303775958;;IT;1998;Other;;1995;4953;436442631;;;;;;;441;18354660.00;5171313.00;21851777.00;10834324.00;13085424.00;2A ;1;95;95;95;99;99;99;630000.00;;99;78;EUR
116565;NO COD;1010306;437941025;VE411763;4416770271;CCELERA SRL;VIA DELLE INDUSTRIE 27 INT 7;;VENEZIA;VENEZIA;30175;;;IT;1867;Private Limited Company;;2017;8742;437941025;437941025;IT;CCELERA SRL;300204329;AT;ARSENALIA GmbH;117;9781189.00;881959.00;7245505.00;7174166.00;4702684.00;A  ;1;99;99;99;99;81;81;38000.00;;95;80;EUR
116565;NO COD;1000779;514269331;MI1527910;2720500962;CGT LOGISTICA SISTEMI SPA IN FORMA ABBREVIATO CLS SPA;STRADA PROVINCIALE 121;;CARUGATE;MILANO;20061;29250111;29250111;IT;1868;Public Company;;1997;7359;514269331;435247197;IT;CENTAURO SRL;435247197;IT;CENTAURO SRL;333;85692233.00;41135881.00;94035478.00;53365557.00;36749049.00;4A ;1;100;100;100;100;96;96;6200000.00;;79;77;EUR
116565;NO COD;3182;444778443;BS323956;3098880176;CLIMAT SRL;VIA LABIRINTO 153;;BRESCIA;BRESCIA;25125;303544991;303533264;IT;1867;Private Limited Company;;1990;1711;444778443;428735277;IT;IMMOBILI & PARTECIPAZIONI SRL;428735277;IT;IMMOBILI & PARTECIPAZIONI SRL;7;1783445.00;1026994.00;3493264.00;3120395.00;2247339.00;1A ;1;98;98;98;98;98;98;150000.00;;100;80;EUR
116565;NO COD;1008647;430971657;BS462094;2585290980;CONSORZIO CANTIERAPERTO SOCIETA' COOPERATIVA SOCIALE ONLUS;VIA BUFFALORA 3/E;;BRESCIA;BRESCIA;25129;;;IT;12472;Other;;2004;7389;430971657;;;;;;;1;4327385.00;105776.00;3234277.00;2938998.00;3114691.00;D  ;2;57;57;57;57;63;58;32000.00;;38;;EUR
116565;NO COD;1010337;431678452;TO608019;4006210019;CONVEY SRL;VIA SAGRA DI SAN MICHELE 27;;TORINO;TORINO;10139;;114341691;IT;1867;Private Limited Company;;1982;7389;431678452;;;;;;;42;4231225.00;2949159.00;4192827.00;4066802.00;926870.00;2A ;1;98;98;98;98;98;100;190000.00;;55;;EUR
116565;NO COD;1008428;432211548;RE132738;464110352;COOP ITALIANA DI RISTORAZIONE SOC COOP ESSA PUO' ESSERE ANCHE CON DENOMINAZIONE CIRFOOD S.;VIA ALFRED BERNHARD NOBEL 19;;REGGIO NELL'EMILIA;REGGIO EMILIA;42124;52253011;522530100;IT;1998;Other;;1977;5812;432211548;432211548;IT;COOP ITALIANA DI RISTORAZIONE SOC COOP ESSA PUO' ESSERE ANCHE CON DENOMINAZIONE CIRFOOD S.C.;432211548;IT;COOP ITALIANA DI RISTORAZIONE SOC COOP ESSA PUO' ESSERE ANCHE CON DENOMINAZIONE CIRFOOD S.C.;11336;403765579.00;156422256.00;411509108.00;233873742.00;191789508.00;5A ;3;41;41;41;97;97;97;7300000.00;;71;76;EUR
116565;NO COD;1002793;440882686;MI1255030;13137960152;DIMAC RED SPA;VIA PAPA GIOVANNI XXIII 25;;BIASSONO;MONZA E BRIANZA;20853;392494856;39491773;IT;1868;Public Company;;1987;5063;440882686;;;;;;;28;16327142.00;6610654.00;10786205.00;8540404.00;2462782.00;2A ;1;94;94;94;94;85;85;1600000.00;;81;47;EUR
116565;NO COD;5166;431699750;CO158774;704320134;E.T.A. SPA;VIA MONTE BARZAGHINO 6;;CANZO;COMO;22035;31673611;31670525;IT;1868;Public Company;;1978;3441;431699750;431699750;IT;E.T.A. SPA;431699750;IT;E.T.A. SPA;174;31442766.00;22192841.00;51608640.00;20927293.00;17047718.00;3A ;1;97;97;97;87;87;87;2000000.00;;100;76;EUR
116565;NO COD;1011715;428573018;MI818718;1385850159;EGON ZEHNDER INTERNATIONAL SPA;VIA SANTA MARGHERITA 7;;MILANO;MILANO;20121;2869621;;IT;1868;Public Company;;1971;7363;428573018;428573018;IT;EGON ZEHNDER INTERNATIONAL SPA;481642197;CH;EGON ZEHNDER INTERNATIONAL AG;58;21703330.00;14787810.00;29593769.00;26997192.00;12097565.00;3A ;1;100;100;100;100;100;100;990000.00;;71;;EUR
116565;NO COD;1011145;437265145;BS564651;3807760982;ELETTRO 2019 SRL;VIA GIUSEPPE MAZZINI 15;;MAIRANO;BRESCIA;25030;30975337;;IT;1867;Private Limited Company;;2016;1731;437265145;;;;;;;14;975326.00;41572.00;506839.00;503442.00;361361.00;F  ;2;47;47;47;20;20;20;6800.00;;83;80;EUR
116565;NO COD;1004151;338315516;BS452286;2469760983;ELETTRON SRL;VIA CADUTI DEL LAVORO 26;;GHEDI;BRESCIA;25016;30902851;307281315;IT;1867;Private Limited Company;;2004;1731;338315516;;;;;;;32;3945701.00;206082.00;3010715.00;2561100.00;2034679.00;C  ;1;91;91;91;80;65;65;93000.00;;97;69;EUR
116565;NO COD;1008343;439267142;BS154286;447900176;ELETTROTECNICA SEBINA SNC DI BARBIERI M.A. CORSINI R. DE CAPRIO B. SIMONI V.;VIA ACHILLE GRANDI 39;;CORTE FRANCA;BRESCIA;25040;30980467;30980467;IT;47;Partnership;;1966;1731;439267142;;;;;;;10;;;;;;HH ;2;90;90;90;96;96;96;22000.00;;100;79;EUR
116565;NO COD;105073;432605533;MI1215374;8302040152;ELEXIND SPA;VIA AUGUSTO ERBA 35/37;;MELZO;MILANO;20066;;292103554;IT;1868;Public Company;;1986;5063;432605533;432605533;IT;ELEXIND SPA;432605533;IT;ELEXIND SPA;14;7483146.00;3655780.00;6152039.00;5557366.00;1423913.00;2A ;1;100;100;100;99;99;99;690000.00;;88;79;EUR
116565;NO COD;1000858;429717655;VA186048;1490000120;ELMEC INFORMATICA SPA;VIA PRET 1;;BRUNELLO;VARESE;21020;332802111;332870430;IT;1868;Public Company;;1984;7372;429717655;428220214;IT;HINFO SPA;428220214;IT;HINFO SPA;565;114180502.00;52918950.00;116524334.00;91396387.00;48288513.00;5A ;1;100;100;100;100;100;100;8100000.00;;97;80;EUR
116565;NO COD;1011829;430362277;RM531128;5724831002;ENGINEERING - INGEGNERIA INFORMATICA SPA;PIAZZALE DELL'AGRICOLTURA 24;;ROMA;ROMA;144;666514622;687595001;IT;1868;Public Company;;1980;7372;430362277;440991075;IT;CENTURION NEWCO SPA;372053474;LU;Centurion Topco S.à r.l.;7295;881805920.00;808190577.00;1721836652.00;835540703.00;577479433.00;5A ;1;95;95;95;95;90;90;3300000.00;;41;68;EUR
116565;NO COD;1006131;430515456;MI1982296;7796070964;EPLAN SOFTWARE & SERVICE SRL;VIA NICCOLO' MACHIAVELLI 4/6;;PIOLTELLO;MILANO;20096;22504812;226512327;IT;1867;Private Limited Company;;2012;5065;430515456;430515456;IT;EPLAN SOFTWARE & SERVICE SRL;312527676;DE;RITTAL Software Systems International Stiftung & Co. KG;25;7236783.00;1503565.00;4984381.00;4589294.00;2945201.00;1A ;2;50;50;50;50;78;95;280000.00;;66;61;EUR
116565;NO COD;1011213;436099142;BS338493;3186150177;ERREBI IMPIANTI SRL;VIA LE GHISELLE 26;;CASTENEDOLO;BRESCIA;25014;302501102;;IT;1867;Private Limited Company;;1992;1731;436099142;;;;;;;26;6752951.00;1951524.00;7507371.00;6426747.00;3987859.00;1A ;1;100;100;96;100;100;100;400000.00;;99;79;EUR
116565;NO COD;1011151;437929968;BG444655;4210770162;EVLASER SRL;VIA SAN CARLO 45;;CASNIGO;BERGAMO;24020;35726301;;IT;1867;Private Limited Company;;1978;3577;437929968;435448644;IT;LURO PARTECIPAZIONI SRL;435448644;IT;LURO PARTECIPAZIONI SRL;37;2745962.00;718196.00;2895954.00;2447442.00;1108587.00;A  ;3;26;26;40;40;40;40;52000.00;;80;79;EUR
116565;NO COD;17164;443040910;VR210055;1990710236;EXOR INTERNATIONAL SPA;VIA MONTE FIORINO 9;;SAN GIOVANNI LUPATOTO;VERONA;37057;458750404;458779023;IT;1868;Public Company;;1987;1799;443040910;443040910;IT;EXOR INTERNATIONAL SPA;443040910;IT;EXOR INTERNATIONAL SPA;136;37186389.00;11316016.00;40794270.00;23216826.00;17280594.00;3A ;1;100;100;100;100;96;96;3200000.00;;85;76;EUR
116565;NO COD;1002466;563568372;MI1700581;3749010967;FINDIS SRL;VIA AMERIGO VESPUCCI 4/5;;TORBOLE CASAGLIA;BRESCIA;25030;302151103;302157515;IT;1867;Private Limited Company;;2002;5063;563568372;429532966;IT;STEFAN SRL;429532966;IT;STEFAN SRL;3;1466528.00;405643.00;1194083.00;837173.00;649456.00;B  ;1;92;92;92;63;63;63;140000.00;;100;80;EUR
116565;NO COD;1003501;338315270;BS446152;2391270986;GIOTTO SRL;VIA LOMBARDIA 5;;MANERBIO;BRESCIA;25025;309384553;309384554;IT;1867;Private Limited Company;;2003;1799;338315270;;;;;;;6;716334.00;191126.00;482269.00;461463.00;254133.00;C  ;1;93;93;93;89;87;87;21000.00;;85;78;EUR
116565;NO COD;1001886;428304323;MI326334;911430155;I.C.M.A. SAN GIORGIO INDUSTRIA COSTRUZIONI MACCHINE E AFFINI SPA;VIA MADONNINA 75;;SAN GIORGIO SU LEGNANO;MILANO;20034;331407004;331405507;IT;1868;Public Company;;1945;3569;428304323;;;;;;;50;6865317.00;8176583.00;17713341.00;14661119.00;4294026.00;2A ;2;90;90;94;97;95;83;460000.00;;98;72;EUR
116565;NO COD;110099;514270912;BS397830;3438450177;I.P.S. IMPIANTI SRL;VIA DEL CAMPASSO 7;COLOMBARO;CORTE FRANCA;BRESCIA;25040;30984554;309828124;IT;1867;Private Limited Company;;1998;1799;514270912;;;;;;;14;1508924.00;288591.00;1489745.00;1427446.00;1084742.00;C  ;1;99;99;99;99;93;93;74000.00;;96;73;EUR
116565;NO COD;9133;514310213;VA286342;12640280157;IEMME SPA;VIA BOSCHI BELLI 6;;GORLA MAGGIORE;VARESE;21050;3313687111;331369380;IT;1868;Public Company;;1991;3549;514310213;338378052;IT;IEMME GROUP SRL;338378052;IT;IEMME GROUP SRL;14;5369236.00;2152890.00;8262703.00;5840301.00;2809510.00;2A ;1;91;91;91;91;91;93;670000.00;;84;79;EUR
116565;NO COD;9107;428188051;BS350460;3268280173;INTEK SPA;VIA GIUSEPPE MAZZINI 75;;REZZATO;BRESCIA;25086;302591857;302594351;IT;1868;Public Company;;1994;8734;428188051;;;;;;;12;1506885.00;1515108.00;2640736.00;1089832.00;524433.00;1A ;1;100;100;100;100;100;100;3300.00;;94;80;EUR
116565;NO COD;1004578;338561067;MI1878591;1234020525;INTERMONTE SIM SPA;GALLERIA DE CRISTOFORIS 7/8;;MILANO;MILANO;20122;2771151;277115300;IT;1868;Public Company;;1995;6231;338561067;431104955;IT;INTERMONTE HOLDING SIM SPA SIGLABILE ANCHE INTERMONTE HOLDING SOCIETA' DI INTERMEDIAZIONE MOBILIARE SPA INTERMONTE HOLDI;431104955;IT;INTERMONTE HOLDING SIM SPA SIGLABILE ANCHE INTERMONTE HOLDING SOCIETA' DI INTERMEDIAZIONE MOBILIARE SPA INTERMONTE HOLDI;124;;;;;;5A ;1;100;100;100;100;100;100;38000000.00;;90;80;EUR
116565;NO COD;1005591;339243966;VR249004;2601270230;INTESYS SRL;VIA ROVEGGIA 122/A;;VERONA;VERONA;37136;45503663;45503604;IT;1867;Private Limited Company;;1995;7372;339243966;339243966;IT;INTESYS SRL;339243966;IT;INTESYS SRL;64;4707000.00;1865605.00;4577101.00;2311241.00;1587328.00;1A ;1;100;100;100;100;100;100;15000.00;;86;80;EUR
116565;NO COD;1006231;339499447;BS528100;3366000986;INTRAMEDIA SRL;VIA BERSAI 8/A;;GARDONE VAL TROMPIA;BRESCIA;25063;308900218;302055441;IT;1867;Private Limited Company;;2011;5093;339499447;;;;;;;12;2670963.00;715382.00;1757788.00;1574579.00;914196.00;A  ;2;86;86;86;86;82;82;21000.00;;99;80;EUR
116565;NO COD;1009702;435361485;BS349642;3355170170;IPSAI SRL;VIA CAMILLO GOLGI 5/7;;GUSSAGO;BRESCIA;25064;309884228;309884228;IT;1867;Private Limited Company;;1991;8999;435361485;;;;;;;2;471512.00;43810.00;260450.00;115193.00;111889.00;F  ;1;95;95;95;88;80;80;2000.00;;91;74;EUR
116565;NO COD;1000440;338338851;MN219114;2039020207;IT LINK SRL;VIA STAZIONE ROMANORE 2;;BORGO VIRGILIO;MANTOVA;46034;283428050;;IT;1867;Private Limited Company;;2003;8742;338338851;435004481;IT;QINTESI SPA;435004481;IT;QINTESI SPA;38;5256383.00;269958.00;2664934.00;2213238.00;1843887.00;C  ;2;76;76;76;78;100;100;4800.00;;100;80;EUR
116565;NO COD;1001735;429268154;TO281914;501050017;JACOBACCI & PARTNERS SPA;CORSO EMILIA 8;;TORINO;TORINO;10152;112440311;11286300;IT;1868;Public Company;;1957;7389;429268154;444536049;IT;FINPAT SPA;444536049;IT;FINPAT SPA;285;57365115.00;28813109.00;65021358.00;35038647.00;19305525.00;4A ;1;100;100;100;100;100;100;300000.00;;100;73;EUR
116565;NO COD;1011874;440035438;BG456719;4358880161;KEKAO SRL SEMPLIFICATA;VIA LEONARDO DA VINCI 32;;TREVIGLIO;BERGAMO;24047;;;IT;1867;Private Limited Company;;2019;8742;440035438;;;;;;;1;415094.00;63994.00;176665.00;172949.00;112671.00;E  ;2;60;60;60;30;30;30;9200.00;;40;;EUR
116565;NO COD;1001732;459387155;BG290701;2460270164;KOAN SAS DI CAVALLINI MARCO & C.;PIAZZA VARSAVIA 14;;BERGAMO;BERGAMO;24128;35255235;1782239748;IT;1869;Partnership;;1996;7372;459387155;;;;;;;1;;;;;;HH ;2;74;74;74;69;69;69;4800.00;;61;;EUR
116565;NO COD;1010050;435424168;RM1007937;1704740560;NIUMA SRL;VIA GIACOMO PERONI 400;;ROMA;ROMA;131;283593500;640042121;IT;1867;Private Limited Company;;2002;7372;435424168;435424168;IT;NIUMA SRL;435424168;IT;NIUMA SRL;160;8086238.00;1285593.00;5311801.00;4234794.00;1993837.00;1A ;1;100;100;100;100;100;100;510000.00;;92;67;EUR
116565;NO COD;1011754;338833358;BO429490;2311131201;NORBLAST SRL;VIA FRATELLI CARPIGIANI 7;;BOLOGNA;BOLOGNA;40138;51531037;51530133;IT;1867;Private Limited Company;;1977;3549;338833358;432082436;IT;NORBLAST DI NORELLI REMO & C. SAS;432082436;IT;NORBLAST DI NORELLI REMO & C. SAS;34;8027212.00;4649655.00;7079991.00;6743220.00;1900047.00;2A ;1;99;99;99;98;98;98;620000.00;;89;80;EUR
116565;NO COD;1006227;446466141;BS420070;3565250176;P & P SRL;VIA SANDRO PERTINI 2/C;;CAZZAGO SAN MARTINO;BRESCIA;25046;302587163;302584629;IT;1867;Private Limited Company;;2000;7389;446466141;;;;;;;8;1363046.00;110166.00;658316.00;170980.00;476909.00;D  ;2;65;65;65;58;49;55;35000.00;;87;80;EUR
116565;NO COD;1007584;432096472;MI1544680;12269440157;PEGASO SRL;VIA VINCENZO MONTI 32;;MILANO;MILANO;20123;331407226;;IT;1867;Private Limited Company;;1997;7342;432096472;;;;;;;60;1668405.00;222473.00;1107264.00;705220.00;554937.00;C  ;1;99;99;99;95;95;95;28000.00;;100;80;EUR
116565;NO COD;1003805;428730804;BS479806;2805640980;PETRARCA SAS DI MUSTAPHA ABOU EL ASOUED;VIA ROMA 43;;COLLEBEATO;BRESCIA;25060;;;IT;1869;Partnership;;2006;7349;428730804;;;;;;;73;1609658.00;636530.00;1162074.00;523636.00;330210.00;A  ;2;65;65;65;65;60;60;7500.00;;54;;EUR
116565;NO COD;1000634;439176116;BG254594;2006010165;PROJECT INFORMATICA SRL;VIA CARLO CATTANEO 6;;STEZZANO;BERGAMO;24040;352050301;354540293;IT;1867;Private Limited Company;;1990;5065;439176116;440187283;IT;ITECH HOLDING SRL;372129308;LU;Tempus Holdings 79 S.à r.l.;225;118551485.00;29765949.00;89692600.00;56501935.00;26891802.00;4A ;1;98;98;98;98;98;98;12000000.00;;88;74;EUR
116565;NO COD;14051;435402461;BS364285;1985160983;PROTECNO SRL SERVIZI TECNICI E COSTRUZIONI IMPIANTI;VIALE VENEZIA 94;;BRESCIA;BRESCIA;25123;3044083;302898189;IT;1867;Private Limited Company;;1996;8711;435402461;;;;;;;1;173510.00;38094.00;139801.00;134997.00;84824.00;F  ;1;99;99;99;99;96;96;2000.00;;91;76;EUR
116565;NO COD;1010503;438898386;BS577705;3964570984;RM DESIGN SRL;VIA DONATORI DI SANGUE 36;;RODENGO SAIANO;BRESCIA;25050;;;IT;1867;Private Limited Company;;2018;7336;438898386;;;;;;;2;243659.00;94406.00;198998.00;192790.00;99628.00;E  ;2;81;81;81;81;81;81;12000.00;;83;80;EUR
116565;NO COD;1006660;338331159;MI1700543;3761580962;SOCIETA' MUNICIPALE GAS;VIA STATUTO 8/N;;ARESE;MILANO;20044;;293583799;IT;1867;Private Limited Company;;2002;4932;338331159;338719366;IT;CENTREX ITALIA SPA;531646390;RU;ROSIMUSHCHESTVO, FKU;15;8047338.00;1148125.00;4240533.00;3821094.00;2506306.00;1A ;1;97;97;97;99;99;99;560000.00;;68;;EUR
116565;NO COD;1001875;438335440;VR221183;2165760238;STULZ SPA;VIA EVANGELISTA TORRICELLI 3;;VALEGGIO SUL MINCIO;VERONA;37067;456331615;456331611;IT;1868;Public Company;;1989;3564;438335440;438335440;IT;STULZ SPA;316688647;DE;Stulz Verwaltungs GmbH & Co. KG;222;48978599.00;27995638.00;42349414.00;29957401.00;13352530.00;4A ;1;100;100;100;99;99;99;4200000.00;;94;80;EUR
116565;NO COD;1011944;438708845;MI2501852;10057350968;STURNIS365 SRL;VIA CALDERA 21;;MILANO;MILANO;20153;;;IT;1867;Private Limited Company;;2017;7372;438708845;563620462;IT;TECHEDGE SPA;563620462;IT;TECHEDGE SPA;4;1199054.00;771637.00;2906278.00;1332707.00;2115500.00;A  ;3;40;40;40;40;10;10;28000.00;;47;;EUR
116565;NO COD;18078;428653968;BG142207;228060166;TELMOTOR SPA;VIA PER ZANICA 91;;BERGAMO;BERGAMO;24126;35325111;35319825;IT;1868;Public Company;;1972;5063;428653968;428653968;IT;TELMOTOR SPA;428653968;IT;TELMOTOR SPA;318;131199431.00;73829300.00;113352817.00;96153693.00;31078979.00;5A ;1;98;98;98;98;98;96;18000000.00;;93;73;EUR
116565;NO COD;1007649;430980290;BS471215;2698800980;TPI SRL;VIA ALDO MORO 5;;BRESCIA;BRESCIA;25124;;;IT;1867;Private Limited Company;;2005;7389;430980290;;;;;;;1;288135.00;339812.00;400860.00;383450.00;36048.00;B  ;1;98;98;98;98;98;97;12000.00;;89;80;EUR
116565;NO COD;119142;443523790;MI1374315;3075360101;TRUMPF SRL;VIA DEL COMMERCIO 6;;BUCCINASCO;MILANO;20090;2484891;248489500;IT;1867;Private Limited Company;;1989;5084;443523790;443523790;IT;TRUMPF SRL;315737650;DE;TRUMPF GmbH + Co. KG;105;121641717.00;31170898.00;57718527.00;52235289.00;23363437.00;4A ;1;99;99;99;99;99;99;13000000.00;;81;67;EUR
116565;NO COD;20014;436812168;BS73404;884000175;VIGILANZA GROUP SCARL;VIA FURA 14;;BRESCIA;BRESCIA;25125;862441245;303540172;IT;1998;Other;;1946;7381;436812168;436812168;IT;VIGILANZA GROUP SCARL;436812168;IT;VIGILANZA GROUP SCARL;313;18165919.00;14223205.00;17875150.00;8386231.00;3253708.00;3A ;1;100;100;100;100;100;100;140000.00;;83;76;EUR
116565;NO COD;1004188;447026720;BG314696;2682500166;WEBRESULTS SRL;VIA PIAVE 41/43;;TREVIOLO;BERGAMO;24048;356226200;356221055;IT;1867;Private Limited Company;;1999;8742;447026720;440991075;IT;CENTURION NEWCO SPA;372053474;LU;Centurion Topco S.à r.l.;235;15432833.00;3205708.00;12126329.00;10982790.00;6811009.00;2A ;1;99;99;96;99;100;100;39000.00;;91;67;EUR
116565;NO COD;1010485;339490726;BG407968;3783200169;WELCOME SRL;VIA QUINTO ALPINI 6/A;;BERGAMO;BERGAMO;24124;3519910770;3519910638;IT;1867;Private Limited Company;;2011;7311;339490726;339490726;IT;WELCOME SRL;339490726;IT;WELCOME SRL;24;2983634.00;444312.00;1871778.00;1371094.00;1093575.00;B  ;1;99;99;99;99;99;99;2200.00;;100;80;EUR
116565;NO COD;1011184;387806982;LO1454326;3901650964;ZETA SERVICE SRL;VIALE ORTLES 54/A;;MILANO;MILANO;20139;2842631;2842631;IT;1867;Private Limited Company;;2003;7374;387806982;437743428;IT;SILVIA BOLZONI & FAMILY SS;437743428;IT;SILVIA BOLZONI & FAMILY SS;160;16714770.00;4487601.00;12228339.00;10266049.00;6077049.00;2A ;1;100;100;100;100;100;100;830000.00;;67;80;EUR
116566;PK;1008471;895839442;VA274493;2648550123;B G DI BERGOMI GIUSEPPE;VIA MAZZINI 60;;UBOLDO;VARESE;21040;296788858;296788858;IT;6150;Proprietorship;;2001;2441;895839442;;;;;;;7;;;;;;C  ;2;73;73;83;83;83;83;98000.00;;81;79;EUR
116566;PK;1003912;429985185;MB1765687;4675390969;FLEXA SAS DI BERETTA MONICA & C.;VIA DELLA PACE 11;;CARNATE;MONZA E BRIANZA;20866;39670745;396076837;IT;1869;Partnership;;2005;5169;429985185;;;;;;;3;;;;;;B  ;3;20;20;21;13;13;13;45000.00;;29;;EUR
116566;PK;1004895;439541665;MI1342032;2867900967;L.N.A. SRL;VIA PELIZZA DA VOLPEDO 39;;CINISELLO BALSAMO;MILANO;20092;266041414;266041479;IT;1867;Private Limited Company;;1990;3069;439541665;439541665;IT;L.N.A. SRL;439541665;IT;L.N.A. SRL;14;3808818.00;2572659.00;6928585.00;3707602.00;2412372.00;2A ;3;19;19;19;19;17;17;75000.00;;68;62;EUR
116566;PK;1007812;435219092;MI1107530;6613690152;LA CARTOMECCANICA IMBALLAGGI SRL;VIA EUROPA 23;;LOCATE DI TRIULZI;MILANO;20085;290731127;29079685;IT;1867;Private Limited Company;;1982;2675;435219092;435219092;IT;LA CARTOMECCANICA IMBALLAGGI SRL;219866678;GB;LOCK-UP INVESTMENTS LIMITED;8;1308269.00;603903.00;1106632.00;822519.00;306012.00;A  ;1;92;92;92;25;25;25;73000.00;;93;80;EUR
116566;PK;1001052;435636873;BS289531;677160988;PELIZZARI LUIGI SRL;VIA VENETO 202;;VILLA CARCINA;BRESCIA;25069;308982965;;IT;1867;Private Limited Company;;1985;5199;435636873;;;;;;;8;3798290.00;1796158.00;3267077.00;2823544.00;1029609.00;1A ;1;97;97;97;97;94;94;430000.00;;100;80;EUR
