Codice SAP;Fatturati 2020;Backlog Vendite;Clienti direzionali
7703;32.873.351,44 €;nd;nd
700;31.754.910,36 €;nd;nd
7712;30.730.066,40 €;nd;nd
20702;29.571.231,06 €;nd;nd
11509;29.224.931,84 €;nd;nd
7720;28.991.152,37 €;nd;nd
7714;28.121.752,98 €;nd;nd
20801;27.982.628,95 €;nd;nd
7203;27.969.534,04 €;nd;nd
20725;26.038.708,43 €;nd;nd
26507;24.415.838,33 €;nd;nd
7719;23.909.572,88 €;nd;nd
36681;23.441.975,05 €;nd;nd
32536;22.966.473,54 €;nd;nd
7200;22.358.250,25 €;nd;nd
20802;22.335.246,20 €;nd;nd
20701;22.111.088,26 €;nd;nd
20713;21.582.980,40 €;nd;nd
30511;21.527.250,99 €;nd;nd
7718;20.511.604,07 €;nd;nd
27515;20.160.640,36 €;nd;nd
7763;20.156.210,05 €;nd;nd
7201;19.560.526,59 €;nd;nd
20716;19.546.543,48 €;nd;nd
7708;18.668.592,56 €;nd;nd
26515;18.450.689,88 €;nd;nd
7738;17.601.124,62 €;nd;nd
20708;17.390.639,70 €;nd;nd
7745;17.170.276,17 €;nd;nd
7717;16.977.357,66 €;nd;nd
20712;16.969.986,62 €;nd;nd
20743;16.966.021,47 €;nd;nd
7740;16.824.444,37 €;nd;nd
7736;16.731.335,09 €;nd;nd
31501;16.311.515,36 €;nd;nd
500;16.174.631,12 €;nd;nd
7207;15.776.891,92 €;nd;nd
7754;15.764.646,49 €;nd;nd
7711;15.559.329,23 €;nd;nd
7733;15.167.769,71 €;nd;nd
7208;15.109.819,27 €;nd;nd
CON078;15.055.915,42 €;nd;nd
CSE355R2;15.055.915,42 €;nd;nd
7737;14.926.676,70 €;nd;nd
20506;14.808.521,12 €;nd;nd
20737;14.429.306,43 €;nd;nd
7202;14.414.535,40 €;nd;nd
7702;13.593.471,38 €;nd;nd
26505;13.558.144,82 €;nd;nd
715;13.507.028,79 €;nd;nd
7747;13.436.670,24 €;nd;nd
20700;13.420.256,40 €;nd;nd
32557;13.345.534,77 €;nd;nd
30503;13.290.465,78 €;nd;nd
37512;13.253.650,69 €;nd;nd
20504;13.175.098,23 €;nd;nd
7726;12.980.582,40 €;nd;nd
20714;12.972.592,74 €;nd;nd
20827;12.970.059,51 €;nd;nd
CON079;12.960.617,09 €;nd;nd
7715;12.788.989,67 €;nd;nd
26511;12.691.643,37 €;nd;nd
7723;12.604.887,78 €;nd;nd
RS0067;12.342.915,58 €;nd;nd
31513;12.242.146,93 €;nd;nd
36698;11.771.293,70 €;nd;nd
7783;11.574.178,93 €;nd;nd
20748;11.548.648,40 €;nd;nd
709;11.533.771,09 €;nd;nd
26529;11.271.123,80 €;nd;nd
7756;11.208.596,13 €;nd;nd
7706;11.194.318,94 €;nd;nd
30502;10.763.471,71 €;nd;nd
7722;10.708.526,24 €;nd;nd
20711;10.685.711,52 €;nd;nd
20744;10.684.585,28 €;nd;nd
718;10.659.632,13 €;nd;nd
30512;10.366.051,08 €;nd;nd
20530;10.279.371,10 €;nd;nd
7746;10.181.701,81 €;nd;nd
7532;9.859.132,89 €;nd;nd
TRA005;9.853.832,68 €;nd;nd
20715;9.831.117,31 €;nd;nd
26520;9.717.459,50 €;nd;nd
7755;9.539.896,17 €;nd;nd
20718;9.539.222,37 €;nd;nd
7731;9.476.897,95 €;nd;nd
CON301;9.386.700,55 €;nd;nd
12501;9.337.203,54 €;nd;nd
IND003;9.311.838,52 €;nd;nd
7795;9.309.565,78 €;nd;nd
7761;9.296.229,34 €;nd;nd
7721;9.288.931,91 €;nd;nd
35535;9.227.179,21 €;nd;nd
20724;9.184.337,05 €;nd;nd
7780;9.170.679,13 €;nd;nd
26525;9.140.119,72 €;nd;nd
7770;9.100.590,87 €;nd;nd
7741;9.026.939,26 €;nd;nd
7513;9.024.645,07 €;nd;nd
CS0015;8.997.749,00 €;nd;nd
11519;8.954.500,36 €;nd;nd
11010;8.842.599,98 €;nd;nd
502;8.650.423,75 €;nd;nd
27500;8.517.111,27 €;nd;nd
32501;8.384.158,87 €;nd;nd
20703;8.348.665,33 €;nd;nd
515;8.304.025,57 €;nd;nd
INT106;8.196.164,24 €;nd;nd
7704;8.122.004,69 €;nd;nd
20502;8.037.328,15 €;nd;nd
56415;7.994.576,70 €;nd;nd
32556;7.932.086,90 €;nd;nd
20728;7.882.284,83 €;nd;nd
7526;7.811.617,35 €;nd;nd
26504;7.716.904,45 €;nd;nd
31502;7.671.421,12 €;nd;nd
20524;7.658.760,90 €;nd;nd
20709;7.608.723,09 €;nd;nd
11506;7.548.011,05 €;nd;nd
36773P;7.480.550,02 €;nd;nd
7700;7.463.353,61 €;nd;nd
CS0038;7.442.809,18 €;nd;nd
56484;7.393.183,59 €;nd;nd
20501;7.386.527,98 €;nd;nd
7774;7.370.970,60 €;nd;nd
12502;7.362.808,14 €;nd;nd
20757;7.338.198,84 €;nd;nd
513;7.223.020,89 €;nd;nd
25003;7.203.005,23 €;nd;nd
CSE394R2;7.175.796,22 €;nd;nd
26521;7.132.172,34 €;nd;nd
39502;7.086.520,93 €;nd;nd
7767;7.079.644,04 €;nd;nd
36294;7.021.351,81 €;nd;nd
36294P;7.021.351,81 €;nd;nd
21204;6.974.107,95 €;nd;nd
21502;6.954.007,36 €;nd;nd
11507;6.900.431,87 €;nd;nd
11503;6.866.343,26 €;nd;nd
518;6.834.109,77 €;nd;nd
7757;6.828.300,50 €;nd;nd
707;6.712.735,54 €;nd;nd
7766;6.688.708,68 €;nd;nd
7727;6.682.877,82 €;nd;nd
20516;6.637.599,51 €;nd;nd
7739;6.630.896,90 €;nd;nd
42500;6.557.906,16 €;nd;nd
RS0102;6.557.396,72 €;nd;nd
42503;6.541.623,62 €;nd;nd
32511;6.491.662,37 €;nd;nd
724;6.487.727,09 €;nd;nd
31510;6.481.484,87 €;nd;nd
11540;6.451.741,35 €;nd;nd
30504;6.429.480,60 €;nd;nd
20531;6.400.226,56 €;nd;nd
20807;6.222.786,45 €;nd;nd
35501;6.196.168,34 €;nd;nd
36700P;6.159.725,92;nd;nd
CSE154;6.157.543,15 €;nd;nd
RS0015;6.094.505,03 €;nd;nd
7710;6.090.777,35 €;nd;nd
7713;6.090.320,52 €;nd;nd
20707;6.053.410,99 €;nd;nd
26517;5.993.498,26 €;nd;nd
7751;5.953.732,80 €;nd;nd
7902;5.938.619,34 €;nd;nd
30501;5.897.269,82 €;nd;nd
20758;5.886.351,76 €;nd;nd
11526;5.864.207,69 €;nd;nd
RS0086;5.838.510,26 €;nd;nd
7725;5.831.027,48 €;nd;nd
36508;5.824.047,00 €;nd;nd
7716;5.777.076,66 €;nd;nd
503;5.744.798,08 €;nd;nd
506;5.689.426,80 €;nd;nd
72502;5.648.603,49 €;nd;nd
20520;5.560.057,26 €;nd;nd
7768;5.477.854,84 €;nd;nd
7764;5.430.874,34 €;nd;nd
37516;5.430.313,82 €;nd;nd
27502;5.420.407,97 €;nd;nd
26510;5.414.575,14 €;nd;nd
CSE464R1;5.403.984,38 €;nd;nd
37506;5.375.038,30 €;nd;nd
20734;5.352.916,21 €;nd;nd
21501;5.345.681,85 €;nd;nd
39500;5.285.966,68 €;nd;nd
56228;5.274.719,25 €;nd;nd
7734;5.266.727,03 €;nd;nd
20776;5.253.602,67 €;nd;nd
20526;5.251.596,05 €;nd;nd
7773;5.232.222,99 €;nd;nd
7512;5.226.848,51 €;nd;nd
26518;5.214.796,36 €;nd;nd
56926;5.209.181,81 €;nd;nd
7222;5.179.702,89 €;nd;nd
2800;5.173.851,15 €;nd;nd
42502;5.169.061,33 €;nd;nd
33527;5.157.745,88 €;nd;nd
TUB021;5.148.381,32 €;nd;nd
7732;5.115.736,94 €;nd;nd
36659;5.084.791,97 €;nd;nd
7728;5.066.561,08 €;nd;nd
20806;5.042.130,18 €;nd;nd
37513;5.040.756,26 €;nd;nd
10509;5.033.470,64 €;nd;nd
509;4.971.180,23 €;nd;nd
26522;4.923.090,13;nd;nd
7889;4.851.096,96 €;nd;nd
36634;4.788.384,46 €;nd;nd
35510;4.726.129,93 €;nd;nd
39501;4.724.728,75 €;nd;nd
7744;4.696.246,02 €;nd;nd
DID012;4.683.913,73 €;nd;nd
CSE135R2;4.683.913,73 €;nd;nd
20747;4.645.451,52 €;nd;nd
28500;4.631.535,49 €;nd;nd
56585;4.624.445,03 €;nd;nd
22051;4.598.724,93 €;nd;nd
56095;4.584.912,98 €;nd;nd
31503;4.552.399,15 €;nd;nd
7915;4.541.755,36 €;nd;nd
7225;4.523.678,81 €;nd;nd
512;4.487.753,94 €;nd;nd
CS0064;4.484.027,40 €;nd;nd
20825;4.444.200,27 €;nd;nd
IND009;4.388.466,71 €;nd;nd
32545;4.381.621,48 €;nd;nd
20732;4.370.634,85 €;nd;nd
27505;4.370.513,72 €;nd;nd
22069;4.365.983,62 €;nd;nd
7907;4.354.706,19 €;nd;nd
504;4.320.522,68 €;nd;nd
37521;4.317.612,86 €;nd;nd
36815;4.291.179,90 €;nd;nd
20814;4.266.760,62 €;nd;nd
7758;4.243.158,12 €;nd;nd
7519;4.230.729,57 €;nd;nd
40133;4.214.018,73 €;nd;nd
24509;4.207.169,05 €;nd;nd
20727;4.194.588,31 €;nd;nd
56550;4.185.230,05 €;nd;nd
36835;4.185.230,05 €;nd;nd
CSE359R1;4.185.230,05 €;nd;nd
20519;4.170.094,40 €;nd;nd
27507;4.159.470,56 €;nd;nd
517;4.153.359,92 €;nd;nd
7782;4.145.346,12 €;nd;nd
7879;4.129.921,90 €;nd;nd
37530;4.126.178,10 €;nd;nd
26513;4.113.726,39 €;nd;nd
7540;4.089.370,82 €;nd;nd
26526;4.087.299,89 €;nd;nd
CS0030;4.084.931,95 €;nd;nd
IND104;4.043.112,08 €;nd;nd
20756;4.020.094,32 €;nd;nd
20525;3.999.724,96 €;nd;nd
30505;3.990.450,09 €;nd;nd
72501;3.984.695,08 €;nd;nd
32552;3.983.312,02 €;nd;nd
32513;3.982.041,36 €;nd;nd
36624;3.933.179,00 €;nd;nd
7529;3.924.410,17 €;nd;nd
56905;3.918.238,36 €;nd;nd
26001;3.904.054,94 €;nd;nd
RS0107;3.884.499,57 €;nd;nd
27548;3.879.561,72 €;nd;nd
51027;3.867.179,61 €;nd;nd
42059;3.862.009,16 €;nd;nd
56287;3.860.447,54 €;nd;nd
32506;3.851.651,06 €;nd;nd
7963;3.839.715,87 €;nd;nd
CSE392R1;3.839.715,87 €;nd;nd
11024;3.822.868,53 €;nd;nd
7701;3.810.875,17 €;nd;nd
524;3.810.375,66 €;nd;nd
INT027;3.808.590,68 €;nd;nd
2700;3.782.659,83 €;nd;nd
21512;3.777.665,22 €;nd;nd
20761;3.772.084,88 €;nd;nd
33526;3.759.445,61 €;nd;nd
INT047;3.750.640,55;nd;nd
11031;3.705.900,66 €;nd;nd
22066;3.703.666,68 €;nd;nd
11516;3.703.198,76 €;nd;nd
27521;3.698.837,46 €;nd;nd
26536;3.696.015,28 €;nd;nd
31509;3.694.087,09 €;nd;nd
42219;3.690.107,88 €;nd;nd
11555;3.686.144,25 €;nd;nd
35520;3.685.063,15 €;nd;nd
36632;3.660.830,60 €;nd;nd
31534;3.631.298,36 €;nd;nd
7213;3.624.771,11 €;nd;nd
56925;3.619.314,52 €;nd;nd
56433;3.617.303,16 €;nd;nd
32507;3.567.115,57 €;nd;nd
37500;3.551.330,88 €;nd;nd
514;3.536.709,93 €;nd;nd
56356;3.533.703,92 €;nd;nd
7752;3.516.433,41 €;nd;nd
7224;3.509.598,33 €;nd;nd
DID820;3.485.126,75 €;nd;nd
7209;3.483.763,98 €;nd;nd
27543;3.482.150,43 €;nd;nd
20804;3.444.793,57 €;nd;nd
32531;3.443.521,46 €;nd;nd
CSE363R1;3.443.521,46 €;nd;nd
40125;3.432.760,96 €;nd;nd
RS0066;3.426.779,24 €;nd;nd
7765;3.408.500,53;nd;nd
31538;3.393.257,29 €;nd;nd
FLT016;3.391.022,96 €;nd;nd
7794;3.383.912,24 €;nd;nd
39523;3.370.737,38 €;nd;nd
26550;3.365.526,12 €;nd;nd
7236;3.363.791,51 €;nd;nd
39522;3.355.923,27 €;nd;nd
20016;3.344.807,21 €;nd;nd
27535;3.343.184,16 €;nd;nd
7801;3.341.142,90 €;nd;nd
7753;3.323.276,08;nd;nd
20534;3.319.754,72 €;nd;nd
22514;3.297.668,02 €;nd;nd
20803;3.289.549,48;nd;nd
CTT980;3.271.569,69 €;nd;nd
39521;3.269.415,77 €;nd;nd
CS0063;3.266.633,64 €;nd;nd
31533;3.255.309,21 €;nd;nd
20540;3.253.967,01 €;nd;nd
7882;3.244.108,74 €;nd;nd
20741;3.241.989,51 €;nd;nd
12518;3.241.838,17 €;nd;nd
7893;3.213.508,99 €;nd;nd
7536;3.200.173,15 €;nd;nd
72032;3.187.846,44 €;nd;nd
43091;3.187.451,09 €;nd;nd
22509;3.185.600,04 €;nd;nd
43058;3.183.694,78 €;nd;nd
RS0097;3.167.181,38 €;nd;nd
72535;3.164.730,33 €;nd;nd
27504;3.164.557,32 €;nd;nd
TRA000;3.156.986,16 €;nd;nd
32039;3.144.401,78 €;nd;nd
RS0073;3.126.142,56 €;nd;nd
IND010;3.121.242,56 €;nd;nd
CSE393R1;3.121.242,56 €;nd;nd
M002150;3.101.555,85 €;nd;nd
RSP033;3.093.827,94 €;nd;nd
12004;3.092.444,48;nd;nd
72541;3.091.111,33 €;nd;nd
22507;3.085.879,43 €;nd;nd
20720;3.065.972,11 €;nd;nd
56469;3.047.287,86 €;nd;nd
36713;3.043.121,49 €;nd;nd
22519;3.032.989,08 €;nd;nd
27547;3.010.131,08 €;nd;nd
526;3.006.281,85 €;nd;nd
32535;3.003.481,90 €;nd;nd
7246;3.001.145,10 €;nd;nd
GIU052;2.982.803,76 €;nd;nd
11007;2.964.721,58 €;nd;nd
7503;2.957.220,39 €;nd;nd
36510;2.956.837,50 €;nd;nd
7769;2.943.865,13 €;nd;nd
20823;2.924.215,84 €;nd;nd
7514;2.917.925,81 €;nd;nd
43175;2.907.923,08 €;nd;nd
42517;2.893.073,65 €;nd;nd
56442;2.872.241,56 €;nd;nd
33554;2.859.990,60 €;nd;nd
CON560;2.842.730,92 €;nd;nd
26503;2.840.631,21 €;nd;nd
36021;2.813.283,46 €;nd;nd
11528;2.801.347,71 €;nd;nd
32505;2.798.045,53 €;nd;nd
1601;2.785.902,54 €;nd;nd
36695;2.764.200,33 €;nd;nd
22517;2.757.064,27 €;nd;nd
22518;2.749.487,13 €;nd;nd
26541;2.745.152,89 €;nd;nd
MP871;2.731.160,94 €;nd;nd
56496;2.727.196,70 €;nd;nd
7843;2.724.826,59 €;nd;nd
CME640;2.719.445,81 €;nd;nd
TUB1388;2.719.445,81 €;nd;nd
7581;2.713.734,30 €;nd;nd
7555;2.695.331,50 €;nd;nd
22501;2.687.218,76 €;nd;nd
516;2.683.017,55 €;nd;nd
11523;2.671.208,87 €;nd;nd
INT201;2.627.418,02;nd;nd
27503;2.627.353,54 €;nd;nd
20705;2.622.486,24 €;nd;nd
11534;2.622.234,94 €;nd;nd
26546;2.622.234,94 €;nd;nd
INT340;2.620.461,03 €;nd;nd
27511;2.620.046,47 €;nd;nd
20762;2.615.482,19 €;nd;nd
INT830;2.614.854,58 €;nd;nd
INT831;2.614.854,58 €;nd;nd
DID821;2.614.854,58 €;nd;nd
INT342;2.614.669,77 €;nd;nd
20759;2.614.669,77 €;nd;nd
INT341;2.614.669,77 €;nd;nd
7730;2.608.754,93 €;nd;nd
IND103;2.606.450,17 €;nd;nd
CND971;2.576.721,12 €;nd;nd
7160;2.571.103,96 €;nd;nd
CON064;2.561.108,55 €;nd;nd
RS0170;2.541.264,87 €;nd;nd
32537;2.522.327,18 €;nd;nd
11033;2.517.465,48 €;nd;nd
22521;2.515.403,64 €;nd;nd
TUB043;2.513.213,45 €;nd;nd
7558;2.509.386,91 €;nd;nd
20523;2.506.326,87 €;nd;nd
22515;2.505.809,59 €;nd;nd
CSE353R1;2.505.809,59 €;nd;nd
7520;2.504.389,21 €;nd;nd
56264;2.480.222,45 €;nd;nd
30514;2.459.515,71 €;nd;nd
510;2.457.889,32 €;nd;nd
37503;2.446.163,63 €;nd;nd
27509;2.440.430,43 €;nd;nd
7621;2.434.049,18 €;nd;nd
37517;2.423.087,64 €;nd;nd
56903;2.412.184,85 €;nd;nd
20765;2.407.861,91 €;nd;nd
7405;2.396.347,18 €;nd;nd
21041;2.378.565,18 €;nd;nd
20821;2.377.685,38 €;nd;nd
7205;2.376.728,92 €;nd;nd
42086;2.368.552,27 €;nd;nd
30028;2.363.268,62 €;nd;nd
36509;2.344.039,94 €;nd;nd
56422;2.343.216,75 €;nd;nd
7705;2.341.903,08 €;nd;nd
56423;2.339.237,54 €;nd;nd
36772;2.333.561,33 €;nd;nd
36836;2.332.125,28 €;nd;nd
7781;2.331.181,99 €;nd;nd
36697;2.318.725,31 €;nd;nd
20746;2.296.687,74 €;nd;nd
56354;2.292.649,56 €;nd;nd
7772;2.250.774,86 €;nd;nd
36790;2.243.533,83 €;nd;nd
36816;2.219.841,03 €;nd;nd
353486;2.219.820,33 €;nd;nd
43178;2.219.820,33 €;nd;nd
353484;2.219.820,33 €;nd;nd
353485;2.219.820,33 €;nd;nd
42509;2.219.278,71 €;nd;nd
20733;2.214.989,37 €;nd;nd
CSE136;2.196.169,47 €;nd;nd
35545;2.194.911,08 €;nd;nd
RS0045;2.174.938,57 €;nd;nd
28501;2.166.156,80 €;nd;nd
33548;2.162.772,86 €;nd;nd
2704;2.161.033,60 €;nd;nd
7898;2.159.217,21 €;nd;nd
43539;2.122.643,35 €;nd;nd
56619;2.106.783,01 €;nd;nd
26537;2.099.859,39 €;nd;nd
56911;2.094.785,74 €;nd;nd
36885;2.093.956,13 €;nd;nd
602;2.093.278,25;nd;nd
CTT550;2.089.063,10 €;nd;nd
20717;2.083.138,57 €;nd;nd
11020;2.081.410,51 €;nd;nd
22510;2.068.085,69 €;nd;nd
7544;2.066.786,31 €;nd;nd
INT064;2.055.720,45 €;nd;nd
42190;2.051.329,67 €;nd;nd
42227;2.049.905,81 €;nd;nd
2553;2.043.893,83 €;nd;nd
21209;2.037.338,01 €;nd;nd
DID002;2.035.283,58 €;nd;nd
26542;2.031.398,81 €;nd;nd
20808;2.028.633,40 €;nd;nd
27501;2.027.733,63 €;nd;nd
12510;2.003.567,87 €;nd;nd
353483;2.001.140,98 €;nd;nd
40120;1.993.318,44 €;nd;nd
37570;1.963.979,53 €;nd;nd
56576;1.963.979,53 €;nd;nd
7874;1.962.384,95 €;nd;nd
CON033;1.954.204,54 €;nd;nd
20735;1.948.881,50 €;nd;nd
353493;1.944.357,08 €;nd;nd
353492;1.944.349,66 €;nd;nd
39515;1.944.002,65 €;nd;nd
31530;1.938.264,01 €;nd;nd
27517;1.927.670,26;nd;nd
20819;1.926.508,22 €;nd;nd
30506;1.922.750,44 €;nd;nd
37052;1.922.439,09 €;nd;nd
523;1.919.178,94 €;nd;nd
CS0039;1.915.277,45 €;nd;nd
26528;1.912.849,32 €;nd;nd
36774;1.912.153,82;nd;nd
20;1.911.628,67 €;nd;nd
10507;1.900.751,80 €;nd;nd
36818;1.896.789,75 €;nd;nd
TRI849;1.889.537,61 €;nd;nd
36849;1.889.257,87 €;nd;nd
37554;1.882.721,09 €;nd;nd
27524;1.882.522,75 €;nd;nd
7518;1.863.879,97 €;nd;nd
56950;1.852.477,09 €;nd;nd
30508;1.851.186,29 €;nd;nd
32572;1.850.570,53 €;nd;nd
999;1.848.858,07 €;nd;nd
GIU021;1.845.664,67 €;nd;nd
TUB109;1.845.664,67;nd;nd
7263;1.841.572,15 €;nd;nd
20770;1.833.888,27;nd;nd
RS0110;1.832.260,14 €;nd;nd
7724;1.832.121,56 €;nd;nd
32549;1.827.560,88 €;nd;nd
7223;1.824.050,60 €;nd;nd
56217;1.821.409,17 €;nd;nd
20602;1.802.771,74 €;nd;nd
7899;1.802.666,78 €;nd;nd
MP727;1.788.227,80 €;nd;nd
451536A;1.779.622,97 €;nd;nd
12503;1.776.412,07 €;nd;nd
39509;1.771.543,19 €;nd;nd
56357;1.768.989,97 €;nd;nd
451542;1.766.701,97 €;nd;nd
10508;1.766.552,92 €;nd;nd
GIU032;1.764.314,47 €;nd;nd
56277;1.760.262,29 €;nd;nd
30030;1.747.377,90 €;nd;nd
42521;1.746.125,67 €;nd;nd
7257;1.744.394,09 €;nd;nd
7750;1.740.556,34 €;nd;nd
7509;1.739.267,15 €;nd;nd
35538;1.738.621,59 €;nd;nd
72533;1.737.684,18 €;nd;nd
INT083;1.736.438,82 €;nd;nd
36845;1.730.816,36 €;nd;nd
7564;1.729.824,69 €;nd;nd
7792;1.728.398,42 €;nd;nd
42534;1.718.114,70 €;nd;nd
CON555;1.718.114,70 €;nd;nd
7204;1.707.934,73 €;nd;nd
CSE168;1.701.643,82 €;nd;nd
CSE169;1.701.643,82 €;nd;nd
40116;1.691.530,82 €;nd;nd
36295;1.679.420,46 €;nd;nd
24516;1.679.420,46 €;nd;nd
CSE453R1;1.679.420,46 €;nd;nd
12524;1.677.695,86 €;nd;nd
22075;1.677.127,82 €;nd;nd
11510;1.672.764,38 €;nd;nd
37766;1.670.378,68 €;nd;nd
43051;1.659.194,58 €;nd;nd
7241;1.633.269,12 €;nd;nd
IND011;1.625.824,60 €;nd;nd
7577;1.609.845,92 €;nd;nd
24520;1.604.624,55 €;nd;nd
20533;1.603.812,14 €;nd;nd
GIU051;1.596.012,26 €;nd;nd
32040;1.581.705,84 €;nd;nd
7543;1.580.562,01 €;nd;nd
11558;1.579.242,44 €;nd;nd
33541;1.577.564,95 €;nd;nd
7255;1.577.223,40 €;nd;nd
12526;1.572.472,04 €;nd;nd
27531;1.567.153,46 €;nd;nd
DID806;1.560.992,68 €;nd;nd
520;1.558.912,36 €;nd;nd
21201;1.556.329,20 €;nd;nd
56045;1.554.255,53 €;nd;nd
FLT015;1.540.430,83 €;nd;nd
37568;1.537.357,23 €;nd;nd
12521;1.537.357,23 €;nd;nd
72540;1.537.357,23 €;nd;nd
FLT021;1.530.480,61 €;nd;nd
MP598;1.523.329,28 €;nd;nd
CON037;1.518.710,49 €;nd;nd
27512;1.517.862,79 €;nd;nd
7804;1.507.316,98 €;nd;nd
22520;1.507.146,28 €;nd;nd
11553;1.504.050,63 €;nd;nd
42222;1.502.691,40 €;nd;nd
508;1.501.925,53 €;nd;nd
39512;1.500.877,17 €;nd;nd
56471;1.500.707,45 €;nd;nd
43180;1.497.784,79 €;nd;nd
12507;1.492.093,63 €;nd;nd
51428;1.490.382,20 €;nd;nd
INT854;1.483.875,06 €;nd;nd
CON039;1.476.570,11 €;nd;nd
20813;1.470.592,74 €;nd;nd
7557;1.465.371,39 €;nd;nd
7709;1.457.980,41 €;nd;nd
7550;1.456.966,52 €;nd;nd
33501;1.449.879,09 €;nd;nd
42221;1.448.989,62 €;nd;nd
62167;1.448.626,62 €;nd;nd
353325;1.443.492,87 €;nd;nd
7523;1.443.058,04 €;nd;nd
37504;1.440.820,40 €;nd;nd
37586;1.437.850,09 €;nd;nd
12527;1.437.850,09 €;nd;nd
56080;1.436.412,35 €;nd;nd
56593;1.428.257,50 €;nd;nd
CSE529R0;1.428.257,50 €;nd;nd
32574;1.428.257,50 €;nd;nd
36848;1.428.257,50 €;nd;nd
37584;1.428.257,50 €;nd;nd
36850;1.428.257,50 €;nd;nd
530;1.428.038,28;nd;nd
22048;1.419.632,50 €;nd;nd
7762;1.411.248,71 €;nd;nd
33560;1.405.733,51 €;nd;nd
42192;1.404.992,39 €;nd;nd
24018;1.399.665,08 €;nd;nd
20527;1.399.082,87 €;nd;nd
36817;1.393.258,18 €;nd;nd
72552;1.387.983,66 €;nd;nd
INT855;1.387.983,66 €;nd;nd
43192;1.387.815,20 €;nd;nd
72503;1.379.212,91 €;nd;nd
36646;1.365.098,95 €;nd;nd
36776;1.362.928,43 €;nd;nd
27541;1.362.928,43 €;nd;nd
37540;1.362.928,43 €;nd;nd
453791;1.362.928,43 €;nd;nd
20722;1.362.909,67 €;nd;nd
56477;1.358.040,83 €;nd;nd
453802;1.358.040,83 €;nd;nd
7760;1.356.586,00 €;nd;nd
7552;1.349.974,94 €;nd;nd
CON300;1.348.548,93;nd;nd
37505;1.346.257,15 €;nd;nd
RS0125;1.338.722,13 €;nd;nd
2703;1.331.974,99 €;nd;nd
56453;1.327.922,36 €;nd;nd
337134;1.326.596,54 €;nd;nd
27549;1.319.118,42 €;nd;nd
43571;1.319.118,42 €;nd;nd
35549;1.319.118,42 €;nd;nd
26540;1.319.118,42 €;nd;nd
26539;1.319.118,42 €;nd;nd
39209;1.318.139,27 €;nd;nd
7539;1.317.578,33 €;nd;nd
31527;1.317.341,98 €;nd;nd
59036;1.305.112,14 €;nd;nd
CSE514R1;1.302.087,50;nd;nd
39224;1.302.087,50 €;nd;nd
19027;1.297.913,92 €;nd;nd
20538;1.275.532,96 €;nd;nd
GIU020;1.272.952,03 €;nd;nd
56622;1.249.433,58 €;nd;nd
56621;1.248.233,17 €;nd;nd
56596;1.248.233,17 €;nd;nd
1603;1.248.233,17 €;nd;nd
CSE535R1;1.248.233,17 €;nd;nd
10515;1.245.960,84 €;nd;nd
42194;1.244.140,76 €;nd;nd
7598;1.244.037,76 €;nd;nd
56556;1.236.148,72 €;nd;nd
CND969;1.235.607,17 €;nd;nd
56656;1.234.961,98 €;nd;nd
39019;1.232.478,88 €;nd;nd
40121;1.230.739,64 €;nd;nd
DID822;1.221.837,10 €;nd;nd
32555;1.217.769,55 €;nd;nd
36787;1.217.769,55 €;nd;nd
7913;1.217.014,27 €;nd;nd
33559;1.211.362,93 €;nd;nd
37562;1.211.178,12 €;nd;nd
31526;1.203.600,98 €;nd;nd
37764;1.203.600,98 €;nd;nd
37557;1.203.600,98 €;nd;nd
56558;1.203.600,98 €;nd;nd
24503;1.200.085,10 €;nd;nd
33563;1.196.285,22 €;nd;nd
37556;1.195.110,13 €;nd;nd
21517;1.193.847,46 €;nd;nd
27514;1.192.412,04 €;nd;nd
56574;1.188.708,08 €;nd;nd
56594;1.188.708,08 €;nd;nd
7321;1.185.866,52 €;nd;nd
24500;1.183.401,66 €;nd;nd
2701;1.178.061,29 €;nd;nd
353288;1.175.828,86 €;nd;nd
INT069;1.174.292,25;nd;nd
56139;1.173.322,45 €;nd;nd
37528;1.171.258,82 €;nd;nd
31536;1.170.979,59 €;nd;nd
7530;1.169.594,17 €;nd;nd
59155;1.158.791,95 €;nd;nd
59156;1.158.791,95 €;nd;nd
39518;1.158.465,37 €;nd;nd
7919;1.149.003,52 €;nd;nd
20745;1.147.261,17 €;nd;nd
349024;1.147.083,43 €;nd;nd
37508;1.142.633,05 €;nd;nd
33508;1.141.901,93 €;nd;nd
12520;1.140.371,26 €;nd;nd
3008;1.140.077,34 €;nd;nd
INT061;1.135.970,78 €;nd;nd
32538;1.132.347,49 €;nd;nd
7501;1.131.181,89 €;nd;nd
20704;1.130.326,69 €;nd;nd
455252;1.122.929,95 €;nd;nd
32554;1.122.661,64 €;nd;nd
454420A;1.119.950,94 €;nd;nd
20901;1.117.390,09 €;nd;nd
35504;1.114.642,09 €;nd;nd
30515;1.112.198,36 €;nd;nd
39511;1.111.238,47 €;nd;nd
353468;1.108.408,13 €;nd;nd
353469;1.108.408,13 €;nd;nd
353409;1.099.222,61 €;nd;nd
40118;1.095.553,41 €;nd;nd
7749;1.080.143,08 €;nd;nd
455230;1.079.901,18 €;nd;nd
40014;1.079.180,01 €;nd;nd
10511;1.078.820,27 €;nd;nd
43090;1.073.738,03 €;nd;nd
27027;1.070.897,46 €;nd;nd
6010;1.069.629,94 €;nd;nd
7256;1.067.569,55;nd;nd
11572;1.066.562,14 €;nd;nd
6029;1.066.263,30 €;nd;nd
40150;1.056.139,85 €;nd;nd
24010;1.050.067,83 €;nd;nd
7227;1.049.139,09 €;nd;nd
7251;1.049.139,09 €;nd;nd
31544;1.049.139,09 €;nd;nd
56662;1.049.139,09 €;nd;nd
36844;1.049.139,09 €;nd;nd
7872;1.045.089,69 €;nd;nd
72547;1.043.988,73 €;nd;nd
27523;1.041.902,69 €;nd;nd
32589;1.041.846,42 €;nd;nd
521;1.040.456,29 €;nd;nd
24512;1.035.907,88 €;nd;nd
7537;1.035.511,66 €;nd;nd
7508;1.035.362,86 €;nd;nd
INT088;1.033.718,37 €;nd;nd
32566;1.030.264,95 €;nd;nd
72543;1.025.113,07 €;nd;nd
32565;1.018.502,43 €;nd;nd
36819;1.018.502,43 €;nd;nd
72542;1.018.502,43 €;nd;nd
7911;1.017.765,68 €;nd;nd
31532;1.013.519,62 €;nd;nd
32504;1.009.822,11 €;nd;nd
22505;1.007.181,06 €;nd;nd
27538;1.005.795,21 €;nd;nd
CSE427R0;1.002.741,35 €;nd;nd
CSE428R0;1.002.741,35 €;nd;nd
505;1.002.572,70 €;nd;nd
31504;998.556,93 €;nd;nd
7567;997.308,51 €;nd;nd
56657;996.626,27 €;nd;nd
353488;996.386,62 €;nd;nd
353489;996.013,57 €;nd;nd
CS0053;994.567,95 €;nd;nd
42279;994.496,16 €;nd;nd
CON020;988.197,35 €;nd;nd
36696;986.346,44 €;nd;nd
31537;986.174,11;nd;nd
11035;984.521,69 €;nd;nd
7534;984.405,97 €;nd;nd
26538;984.370,01 €;nd;nd
28503;984.370,01 €;nd;nd
11108;984.370,01 €;nd;nd
7560;982.595,85 €;nd;nd
CST712;977.982,48 €;nd;nd
56009;977.132,63 €;nd;nd
56002;976.708,63 €;nd;nd
36775;976.692,58 €;nd;nd
36777;976.692,58 €;nd;nd
27028;974.679,34 €;nd;nd
22053;974.298,60 €;nd;nd
35503;969.467,67 €;nd;nd
36205;969.379,18 €;nd;nd
36783;969.344,18 €;nd;nd
11515;962.616,56 €;nd;nd
27506;959.692,51 €;nd;nd
7253;952.712,48 €;nd;nd
21509;951.200,76 €;nd;nd
36678;939.756,43 €;nd;nd
21203;938.446,07 €;nd;nd
22090;937.305,29 €;nd;nd
72539;934.554,73 €;nd;nd
INT105;931.617,63 €;nd;nd
DID020;929.200,67 €;nd;nd
42019;924.465,33 €;nd;nd
32516;920.662,19 €;nd;nd
CND470;917.199,85 €;nd;nd
36668;914.001,09 €;nd;nd
39510;911.954,14 €;nd;nd
353481;910.226,10 €;nd;nd
26005;910.172,26 €;nd;nd
24011;909.425,70 €;nd;nd
43570;909.276,10 €;nd;nd
21514;909.126,10 €;nd;nd
26523;909.016,53 €;nd;nd
24506;908.272,37 €;nd;nd
35511;901.937,63 €;nd;nd
32515;894.241,58 €;nd;nd
22072;891.186,07 €;nd;nd
12533;890.699,53 €;nd;nd
36733;890.109,85 €;nd;nd
32597;886.925,94 €;nd;nd
37770;886.925,94 €;nd;nd
36888;886.925,94 €;nd;nd
40119;886.107,03 €;nd;nd
GIU030;880.966,36 €;nd;nd
7556;880.536,25 €;nd;nd
22511;878.989,68 €;nd;nd
33506;878.008,89 €;nd;nd
36526;878.008,89 €;nd;nd
36527;878.008,89 €;nd;nd
43111;875.087,69 €;nd;nd
7951;871.956,94 €;nd;nd
35540;870.793,10 €;nd;nd
24022;870.793,10 €;nd;nd
22050;870.793,10 €;nd;nd
15;870.571,72 €;nd;nd
56022;870.469,51 €;nd;nd
26003;870.027,09 €;nd;nd
453823A;867.273,37 €;nd;nd
7517;860.736,22 €;nd;nd
20508;859.990,97 €;nd;nd
36850S;859.239,45 €;nd;nd
7233;859.106,26 €;nd;nd
72512;857.875,74 €;nd;nd
2702;857.564,45 €;nd;nd
7549;855.436,14 €;nd;nd
7533;854.743,67 €;nd;nd
31529;849.151,49 €;nd;nd
56314;846.684,88 €;nd;nd
33542;846.191,85 €;nd;nd
2804;846.078,11 €;nd;nd
CS0065;841.834,24 €;nd;nd
20544;834.006,68 €;nd;nd
7959;833.135,71 €;nd;nd
501;832.000,85 €;nd;nd
21511;830.191,73 €;nd;nd
452765;825.828,25 €;nd;nd
7320;820.494,46 €;nd;nd
20738;820.419,87 €;nd;nd
20601;817.104,64 €;nd;nd
40035;815.102,20 €;nd;nd
36807;810.790,09 €;nd;nd
30014;810.219,56 €;nd;nd
CTT103;809.013,21 €;nd;nd
CTT102;807.426,71 €;nd;nd
511;801.990,83 €;nd;nd
7729;801.990,83 €;nd;nd
DID827;793.612,07 €;nd;nd
20764;793.612,07 €;nd;nd
QUA019;793.612,07 €;nd;nd
DID826;793.612,07 €;nd;nd
DID823;793.612,07 €;nd;nd
7409;793.612,07 €;nd;nd
INT346;793.612,07 €;nd;nd
7531;792.996,23 €;nd;nd
CAV239;790.242,73 €;nd;nd
20736;787.064,20 €;nd;nd
31514;785.933,48 €;nd;nd
42505;784.940,68 €;nd;nd
12015;782.527,44 €;nd;nd
INT129;781.578,86 €;nd;nd
56988;779.539,35 €;nd;nd
37051;774.597,35 €;nd;nd
31524;773.466,75 €;nd;nd
72513;771.880,20 €;nd;nd
RS0011;770.317,77 €;nd;nd
26508;770.283,02 €;nd;nd
32568;767.759,66 €;nd;nd
EST023;765.065,79 €;nd;nd
10;763.866,70 €;nd;nd
21017;761.154,19 €;nd;nd
57097;759.156,48 €;nd;nd
7955;758.087,89 €;nd;nd
2509;757.935,10 €;nd;nd
7511;754.016,17 €;nd;nd
40232;754.008,62 €;nd;nd
56929;750.456,34 €;nd;nd
56297;749.331,14 €;nd;nd
21510;747.276,88 €;nd;nd
33504;740.512,21 €;nd;nd
36846;740.385,80 €;nd;nd
56952;739.651,47 €;nd;nd
72544;738.053,85 €;nd;nd
22522;737.660,48 €;nd;nd
39221;737.426,24 €;nd;nd
7268;737.178,42 €;nd;nd
46264;737.178,42 €;nd;nd
33507;733.102,52 €;nd;nd
56969;731.767,94 €;nd;nd
72524;730.707,68 €;nd;nd
33503;730.707,68 €;nd;nd
33505;730.707,68 €;nd;nd
7771;730.639,95 €;nd;nd
56554;720.054,61 €;nd;nd
36067;717.542,64 €;nd;nd
31531;712.848,54 €;nd;nd
56296;710.808,06 €;nd;nd
56491;710.207,06 €;nd;nd
GIU023;707.662,61 €;nd;nd
42186;706.650,41 €;nd;nd
21516;700.240,85 €;nd;nd
7559;698.077,71 €;nd;nd
36754;697.753,75 €;nd;nd
7897;695.630,03 €;nd;nd
27540;691.098,74 €;nd;nd
32595A;690.136,58 €;nd;nd
7;688.601,14 €;nd;nd
42501;687.620,48 €;nd;nd
11552;686.796,37 €;nd;nd
7247;685.907,02 €;nd;nd
7547;685.889,29 €;nd;nd
56115;685.289,84 €;nd;nd
20822;685.249,27 €;nd;nd
36699;682.559,65 €;nd;nd
7311;682.081,04 €;nd;nd
32521;682.081,04 €;nd;nd
36689;682.081,04 €;nd;nd
22071;682.081,04 €;nd;nd
36687;682.081,04 €;nd;nd
452374;682.081,04 €;nd;nd
453331;682.081,04 €;nd;nd
56130;682.081,04 €;nd;nd
56153;682.081,04 €;nd;nd
56154;682.081,04 €;nd;nd
CSE621R1;680.876,92 €;nd;nd
56109;679.354,66 €;nd;nd
CON331;678.455,67 €;nd;nd
33546;678.076,95 €;nd;nd
CST045;677.366,35 €;nd;nd
56152;675.769,14 €;nd;nd
72520;675.270,78 €;nd;nd
12517;675.085,10 €;nd;nd
56993;670.493,14 €;nd;nd
454215A;668.889,36 €;nd;nd
454203;668.889,36 €;nd;nd
12523;665.914,69 €;nd;nd
8011;660.992,36 €;nd;nd
PCON007;660.288,87 €;nd;nd
33558;654.065,43 €;nd;nd
INT110;652.767,31 €;nd;nd
INT090;652.074,46 €;nd;nd
20603;651.779,06 €;nd;nd
37571;651.779,06 €;nd;nd
22524;651.779,06 €;nd;nd
451613;651.279,14 €;nd;nd
36827;651.038,80 €;nd;nd
454510;650.224,70 €;nd;nd
22513;648.746,12 €;nd;nd
60500;647.530,45 €;nd;nd
CSE143;647.131,40 €;nd;nd
338470;646.865,41 €;nd;nd
PCON008;646.858,67 €;nd;nd
12003;645.897,75 €;nd;nd
7793;645.425,10 €;nd;nd
CST706;645.040,47 €;nd;nd
56500;643.641,72 €;nd;nd
37514;643.407,80 €;nd;nd
20760;640.639,44 €;nd;nd
37607;640.639,44 €;nd;nd
375301;640.639,44 €;nd;nd
7335;640.639,44 €;nd;nd
42236;640.639,44 €;nd;nd
455112;640.639,44 €;nd;nd
40235;640.401,00 €;nd;nd
RS0014;639.902,86 €;nd;nd
33564;638.158,03 €;nd;nd
RS0031;636.860,75 €;nd;nd
36686;635.492,89 €;nd;nd
32600;623.722,18 €;nd;nd
39060;620.854,50 €;nd;nd
GIU022;618.529,14 €;nd;nd
CTT300;618.056,77 €;nd;nd
32581;617.073,48 €;nd;nd
36852;617.073,48 €;nd;nd
26021;616.250,63 €;nd;nd
CSE589R2;615.471,65 €;nd;nd
32500;615.186,77 €;nd;nd
42280;613.950,81 €;nd;nd
24004;610.388,25 €;nd;nd
27026;605.612,57 €;nd;nd
GIU031;602.555,15 €;nd;nd
CTT267;599.730,02 €;nd;nd
49301;598.384,19 €;nd;nd
26029;591.892,22 €;nd;nd
452671;590.813,72 €;nd;nd
36705;588.283,14 €;nd;nd
32503;584.650,21 €;nd;nd
GIU041;584.632,62 €;nd;nd
449956;584.231,32 €;nd;nd
7866;584.130,03 €;nd;nd
7867;584.130,03 €;nd;nd
353319;584.000,28 €;nd;nd
353318;583.691,08 €;nd;nd
33950;583.409,12 €;nd;nd
22516;583.012,78 €;nd;nd
37574;582.405,38 €;nd;nd
36821;582.405,38 €;nd;nd
11513;582.120,65 €;nd;nd
QUA011;581.318,43 €;nd;nd
36503;579.613,55 €;nd;nd
CND702;579.566,56 €;nd;nd
24502;579.363,19 €;nd;nd
56054;579.363,19 €;nd;nd
39022;577.735,84 €;nd;nd
33531;577.368,14 €;nd;nd
1;575.262,86 €;nd;nd
451693;574.158,57 €;nd;nd
33543;568.469,85 €;nd;nd
338481;567.396,01 €;nd;nd
22500;566.815,00 €;nd;nd
2010;565.517,05 €;nd;nd
56148;564.007,45 €;nd;nd
452161;558.509,52 €;nd;nd
39213;558.509,52 €;nd;nd
42179;558.353,27 €;nd;nd
452382;558.353,27 €;nd;nd
32032;558.353,27 €;nd;nd
CON830;557.605,62 €;nd;nd
INT258;556.986,86 €;nd;nd
21520;554.758,02 €;nd;nd
2803;554.758,02 €;nd;nd
CND984;554.503,46 €;nd;nd
CND981;553.790,72 €;nd;nd
26501;549.834,30 €;nd;nd
56355;549.671,83 €;nd;nd
507;549.664,82 €;nd;nd
S8ZZ21;547.750,75 €;nd;nd
CSE598R0;547.750,75 €;nd;nd
37602;547.750,75 €;nd;nd
CSE586R3;547.750,75 €;nd;nd
72036;547.750,75 €;nd;nd
56623;547.750,75 €;nd;nd
CST708;540.578,37 €;nd;nd
DID018;536.053,19 €;nd;nd
21045;534.154,12 €;nd;nd
56570;532.972,32 €;nd;nd
56571;532.972,32 €;nd;nd
36684;526.879,16 €;nd;nd
PLS006;524.753,06 €;nd;nd
56578;523.033,03 €;nd;nd
CST724;520.740,27 €;nd;nd
RS0120;520.429,24 €;nd;nd
RS0108;518.756,02 €;nd;nd
525;517.193,57 €;nd;nd
56579;510.105,20 €;nd;nd
RS0025;508.600,62 €;nd;nd
11561;506.051,12 €;nd;nd
CAV231;502.719,25 €;nd;nd
36674;498.496,01 €;nd;nd
43109;496.304,73 €;nd;nd
451626;496.233,97 €;nd;nd
36673;493.171,51 €;nd;nd
CST046;490.789,53 €;nd;nd
455220;489.883,03 €;nd;nd
56943;487.114,13 €;nd;nd
30015;487.006,73 €;nd;nd
6023;486.344,84 €;nd;nd
27508;485.444,70 €;nd;nd
33555;483.896,32 €;nd;nd
32553;483.896,32 €;nd;nd
36814;483.896,32 €;nd;nd
32551;483.896,32 €;nd;nd
454362;482.759,10 €;nd;nd
37582;482.583,19 €;nd;nd
37581;482.583,19 €;nd;nd
36669;479.025,60 €;nd;nd
7545;477.893,29 €;nd;nd
7538;477.222,65 €;nd;nd
24507;476.702,40 €;nd;nd
10510;474.444,17 €;nd;nd
7515;472.236,18 €;nd;nd
353314;471.090,36 €;nd;nd
353313;470.905,96 €;nd;nd
56934;469.757,09 €;nd;nd
36839;468.944,12 €;nd;nd
39216;468.210,00 €;nd;nd
36050;467.783,07 €;nd;nd
453340;467.115,84 €;nd;nd
CST716;462.423,21 €;nd;nd
36694;461.929,24 €;nd;nd
42110;461.929,24 €;nd;nd
36851;461.000,37 €;nd;nd
CSE506R2;461.000,37 €;nd;nd
CON302;459.793,98 €;nd;nd
56928;457.078,67 €;nd;nd
CON006;456.099,75 €;nd;nd
56147;455.154,05 €;nd;nd
42074;455.146,45 €;nd;nd
7516;452.257,65 €;nd;nd
43524;451.918,12 €;nd;nd
452564;450.266,45 €;nd;nd
36767;450.266,45 €;nd;nd
56146;450.266,45 €;nd;nd
56144;450.266,45 €;nd;nd
452813;450.266,45 €;nd;nd
7576;450.065,31 €;nd;nd
37552;450.049,62 €;nd;nd
36834;448.487,18 €;nd;nd
12528;447.859,57 €;nd;nd
36853;447.859,57 €;nd;nd
37572;447.859,57 €;nd;nd
7258;447.859,57 €;nd;nd
451607;441.153,14 €;nd;nd
32514;437.192,34 €;nd;nd
39068;435.212,15 €;nd;nd
56589;434.085,76 €;nd;nd
39513;433.771,76 €;nd;nd
42232;433.652,15 €;nd;nd
36511;433.007,22 €;nd;nd
CTT046;432.245,98 €;nd;nd
33500;431.784,78 €;nd;nd
56949;431.784,78 €;nd;nd
451901;431.784,78 €;nd;nd
21518;431.161,99 €;nd;nd
42228;431.161,99 €;nd;nd
12016;431.161,99 €;nd;nd
DID819;430.087,20 €;nd;nd
7966;428.595,76 €;nd;nd
QUA020;428.595,76 €;nd;nd
32584;428.595,76 €;nd;nd
11554;427.730,16 €;nd;nd
20816;427.730,16 €;nd;nd
CSE395R1;427.730,16 €;nd;nd
37560;427.730,16 €;nd;nd
6057;426.937,03 €;nd;nd
CON565;426.458,69 €;nd;nd
56665;425.474,43 €;nd;nd
7578;424.720,65 €;nd;nd
56948;422.783,91 €;nd;nd
31007;421.670,90 €;nd;nd
46273;421.613,53 €;nd;nd
CTT049;420.782,97 €;nd;nd
20721;419.931,07 €;nd;nd
CST710;416.314,84 €;nd;nd
2513;414.916,12 €;nd;nd
7252;414.916,12 €;nd;nd
CST702;412.870,10 €;nd;nd
36675;412.576,59 €;nd;nd
36671;412.576,59 €;nd;nd
CSE590R1;408.234,16 €;nd;nd
56512;406.835,15 €;nd;nd
CSE591R0;405.747,81 €;nd;nd
CST704;401.722,84 €;nd;nd
42181;398.784,88 €;nd;nd
36701;398.094,35 €;nd;nd
56437;396.401,93 €;nd;nd
39098;393.246,97 €;nd;nd
INT084;389.445,47 €;nd;nd
GIU043;389.035,88 €;nd;nd
56937;388.475,27 €;nd;nd
CON054;387.030,58 €;nd;nd
35518;386.250,27 €;nd;nd
CST044;385.830,79 €;nd;nd
FLT018;384.675,65 €;nd;nd
24513;384.468,81 €;nd;nd
72550;378.069,74 €;nd;nd
CST264;375.667,79 €;nd;nd
6044;374.469,00 €;nd;nd
6017;374.459,00 €;nd;nd
TUB895;371.802,00 €;nd;nd
451653;369.879,00 €;nd;nd
453220A;369.660,66 €;nd;nd
451895;367.403,27 €;nd;nd
1010;365.553,40 €;nd;nd
6112;365.265,54 €;nd;nd
454252C;364.983,12 €;nd;nd
72553;364.740,65 €;nd;nd
36867;364.740,65 €;nd;nd
CON338;359.559,76 €;nd;nd
DID803;358.014,59 €;nd;nd
8010;357.116,06 €;nd;nd
7525;353.715,82 €;nd;nd
51080;350.435,82 €;nd;nd
26547;349.613,07 €;nd;nd
7254;348.958,92;nd;nd
CND603;347.695,27 €;nd;nd
452177;347.329,32 €;nd;nd
CST726;346.992,53 €;nd;nd
CND987;345.526,95 €;nd;nd
33951;345.285,41 €;nd;nd
CST722;345.281,22 €;nd;nd
56588;343.922,19 €;nd;nd
GUA165;343.567,89 €;nd;nd
7924;343.018,98 €;nd;nd
7925;343.018,98 €;nd;nd
26516;343.018,98;nd;nd
31001;343.018,98 €;nd;nd
11112;343.018,98 €;nd;nd
11563;343.018,98 €;nd;nd
32585;343.018,98 €;nd;nd
27551;343.018,98 €;nd;nd
26502;343.018,98 €;nd;nd
26552;343.018,98 €;nd;nd
56896;343.018,98 €;nd;nd
12508;343.018,98 €;nd;nd
35554;343.018,98 €;nd;nd
35552;343.018,98 €;nd;nd
37056;343.018,98 €;nd;nd
42541;343.018,98 €;nd;nd
56645;343.018,98 €;nd;nd
7932;343.018,98 €;nd;nd
37057;343.018,98 €;nd;nd
72551;343.018,98 €;nd;nd
32010;343.018,98 €;nd;nd
32577;343.018,98 €;nd;nd
56997;343.018,98 €;nd;nd
56998;343.018,98 €;nd;nd
455021;343.018,98 €;nd;nd
32579;343.018,98 €;nd;nd
56999;343.018,98 €;nd;nd
8005;343.018,98 €;nd;nd
11566;343.018,98 €;nd;nd
26551;343.018,98 €;nd;nd
32587;343.018,98 €;nd;nd
42526;343.018,98 €;nd;nd
32575;343.018,98 €;nd;nd
37592;343.018,98 €;nd;nd
22001;343.018,98 €;nd;nd
CST714;341.235,46 €;nd;nd
42230;338.147,67 €;nd;nd
27522;337.191,15 €;nd;nd
7313;335.867,82 €;nd;nd
37005;335.391,09 €;nd;nd
11568;334.748,41 €;nd;nd
42538;334.748,41 €;nd;nd
7623;334.748,41 €;nd;nd
56964;333.208,32 €;nd;nd
32541;333.208,32 €;nd;nd
36737;333.208,32 €;nd;nd
452533;333.181,84 €;nd;nd
26533;325.017,76 €;nd;nd
43536;320.556,32 €;nd;nd
452143;317.029,26 €;nd;nd
CST720;315.483,84 €;nd;nd
26524;312.038,94 €;nd;nd
39210;310.417,42 €;nd;nd
353434;310.137,37 €;nd;nd
54;309.817,36 €;nd;nd
19500;309.817,36 €;nd;nd
43535;309.817,36 €;nd;nd
7554;309.448,11 €;nd;nd
20766;308.613,11 €;nd;nd
CST132;305.834,58 €;nd;nd
42224;303.150,81 €;nd;nd
GIU053;302.977,36 €;nd;nd
33552;302.295,45 €;nd;nd
37610;302.165,99 €;nd;nd
37603;302.165,99 €;nd;nd
36861;302.165,99 €;nd;nd
57096;301.731,41 €;nd;nd
454344;301.504,78 €;nd;nd
CON004;300.851,33 €;nd;nd
10514;299.742,51 €;nd;nd
454222B;296.927,38 €;nd;nd
7571;294.831,68 €;nd;nd
26532;294.766,21 €;nd;nd
30523;294.766,21 €;nd;nd
37577;290.364,02 €;nd;nd
CST718;289.528,53 €;nd;nd
5022;288.248,19 €;nd;nd
11527;285.936,32 €;nd;nd
451834;284.973,27 €;nd;nd
8;284.889,40 €;nd;nd
37553;283.946,78 €;nd;nd
PCON018;283.177,29 €;nd;nd
EST028;282.936,00 €;nd;nd
33518;282.892,59 €;nd;nd
7568;281.274,31 €;nd;nd
452153;281.041,91 €;nd;nd
TUB020;279.319,24 €;nd;nd
56942;278.968,92 €;nd;nd
451715;278.662,07 €;nd;nd
56546;275.878,50 €;nd;nd
56192;274.782,46 €;nd;nd
33711;274.718,43 €;nd;nd
36543;274.718,43 €;nd;nd
31;274.526,34 €;nd;nd
454931A;274.067,05 €;nd;nd
56454;271.418,56 €;nd;nd
CTT020;271.366,93 €;nd;nd
36875;271.027,75 €;nd;nd
2706;270.838,71 €;nd;nd
56587;270.584,35 €;nd;nd
EST029;260.063,42 €;nd;nd
37576;259.779,85 €;nd;nd
CSE499R1;255.272,17 €;nd;nd
39087;255.101,82 €;nd;nd
26027;253.455,95 €;nd;nd
56515;252.518,00 €;nd;nd
56513;252.518,00 €;nd;nd
7912;250.244,95 €;nd;nd
7914;250.244,95 €;nd;nd
451633;250.244,95 €;nd;nd
12522;249.974,40 €;nd;nd
2005;249.554,88 €;nd;nd
39208;248.547,65 €;nd;nd
452692;248.547,65 €;nd;nd
36640;247.473,27 €;nd;nd
29024;247.473,27 €;nd;nd
36009;247.473,27 €;nd;nd
11001;247.473,27 €;nd;nd
21207;247.473,27 €;nd;nd
7608;247.473,27 €;nd;nd
8038;247.473,27 €;nd;nd
33704;247.473,27 €;nd;nd
20507;247.351,71 €;nd;nd
CON359;247.351,71 €;nd;nd
MP459;245.885,21 €;nd;nd
CST239;245.424,56 €;nd;nd
7965;243.312,09 €;nd;nd
CSE569R2;243.312,09 €;nd;nd
CON462;242.828,97 €;nd;nd
56308;241.303,44 €;nd;nd
21208;237.727,37 €;nd;nd
42229;237.727,37 €;nd;nd
FLT026;236.270,65 €;nd;nd
CST040;235.155,19 €;nd;nd
CST121;235.113,53 €;nd;nd
56902;234.937,52 €;nd;nd
CST106;232.048,54 €;nd;nd
TUB047;231.481,35 €;nd;nd
56901;229.575,45 €;nd;nd
36128;228.960,44 €;nd;nd
CON600;225.745,42 €;nd;nd
CST728;218.688,21 €;nd;nd
CON327;217.615,18 €;nd;nd
CSE593R0;217.387,37 €;nd;nd
11571;217.387,37 €;nd;nd
37583;215.632,74 €;nd;nd
26549;215.632,74 €;nd;nd
RM39K0;214.500,96 €;nd;nd
CST048;213.906,03 €;nd;nd
7962;212.632,24 €;nd;nd
CTT078;212.477,96 €;nd;nd
CON294;209.153,60 €;nd;nd
454243A;207.509,72 €;nd;nd
CST118;207.455,47 €;nd;nd
33545;206.815,32 €;nd;nd
37520;206.815,32 €;nd;nd
13002;206.815,32 €;nd;nd
42277;206.815,32 €;nd;nd
452943A;206.815,32 €;nd;nd
CSE471R1;204.707,00 €;nd;nd
32562;202.976,33 €;nd;nd
FLT017;201.333,13 €;nd;nd
39504;200.897,20 €;nd;nd
39503;200.833,20 €;nd;nd
454430C;200.717,48 €;nd;nd
39223;200.717,48 €;nd;nd
39505;198.049,16 €;nd;nd
453200A;195.569,72 €;nd;nd
7504;195.203,07 €;nd;nd
GHI200;194.996,80 €;nd;nd
TUB216;191.766,94 €;nd;nd
CSE516R1;191.750,32 €;nd;nd
452651;191.709,51 €;nd;nd
56552;190.927,45 €;nd;nd
3;190.714,85 €;nd;nd
7330;190.003,50 €;nd;nd
CST122;187.538,40 €;nd;nd
CST793;187.231,34 €;nd;nd
20777;185.283,67 €;nd;nd
CST262;182.360,38 €;nd;nd
43502;181.154,00 €;nd;nd
7796;175.847,16 €;nd;nd
CST260;173.868,06 €;nd;nd
452252;173.699,57 €;nd;nd
CTT133;169.986,63 €;nd;nd
39517;169.213,91 €;nd;nd
39036;167.356,04 €;nd;nd
27513;166.632,83 €;nd;nd
32595;166.535,00 €;nd;nd
32602;166.470,00 €;nd;nd
454371;165.415,39 €;nd;nd
EST026;165.041,26 €;nd;nd
DID007;164.199,85 €;nd;nd
CND200;163.606,88 €;nd;nd
RM5K60;163.246,64 €;nd;nd
12506;162.878,64 €;nd;nd
37573;162.878,64 €;nd;nd
43503;161.864,98 €;nd;nd
309033;161.864,98 €;nd;nd
56894;161.864,98 €;nd;nd
56893;161.864,98 €;nd;nd
CST739;160.710,05 €;nd;nd
CST268;159.118,84 €;nd;nd
CST172;154.558,72 €;nd;nd
CND718;154.349,43 €;nd;nd
56663;153.883,81 €;nd;nd
RM10K2;153.396,22 €;nd;nd
RM237R;153.396,22 €;nd;nd
RM15R0;153.396,22 €;nd;nd
RM1K05;153.396,22 €;nd;nd
CUS920;153.396,22 €;nd;nd
CST340R;153.396,22 €;nd;nd
13009;153.396,22 €;nd;nd
CTT022;153.265,30 €;nd;nd
452242;153.031,75 €;nd;nd
7528;152.116,46 €;nd;nd
7505;147.301,21 €;nd;nd
56061;145.754,58 €;nd;nd
CST116;145.590,63 €;nd;nd
39048;144.803,98 €;nd;nd
EST038;144.206,03 €;nd;nd
CON835;144.063,42 €;nd;nd
CSE170;144.001,22 €;nd;nd
338483;143.912,29 €;nd;nd
35;141.042,27 €;nd;nd
CST120;139.070,17 €;nd;nd
TRA856;138.778,61 €;nd;nd
451663;136.687,17 €;nd;nd
2550;135.588,60 €;nd;nd
CST105;134.631,87 €;nd;nd
337132;134.524,73 €;nd;nd
20830;134.139,44 €;nd;nd
57100;133.732,27 €;nd;nd
CST057;133.688,21 €;nd;nd
CON008;132.661,32 €;nd;nd
42522;130.891,70 €;nd;nd
7838;129.981,08 €;nd;nd
32571;128.584,50 €;nd;nd
CST270;127.376,12 €;nd;nd
39228;126.170,00 €;nd;nd
56676;126.170,00 €;nd;nd
CSE664R1;126.170,00 €;nd;nd
CST047;123.060,89 €;nd;nd
38;122.853,90 €;nd;nd
CST730;120.552,44 €;nd;nd
27545;119.401,32 €;nd;nd
56545;119.401,32 €;nd;nd
CON550;118.749,18 €;nd;nd
CST700;118.735,30 €;nd;nd
56602;114.750,68 €;nd;nd
32558;114.750,68 €;nd;nd
CST266;112.999,41 €;nd;nd
CST115;112.485,76 €;nd;nd
6062;111.853,54 €;nd;nd
CST049;111.717,91 €;nd;nd
CST134;109.911,57 €;nd;nd
22062;108.516,32 €;nd;nd
CST108;107.894,88 €;nd;nd
CST133;105.488,18 €;nd;nd
CST107;104.892,43 €;nd;nd
1605;104.219,25 €;nd;nd
MP628;102.292,02 €;nd;nd
MP629;102.292,02 €;nd;nd
CON047;102.220,28 €;nd;nd
40230;101.486,74 €;nd;nd
FLT022;101.463,89 €;nd;nd
26543;99.539,51 €;nd;nd
CST258;99.187,76 €;nd;nd
20902;98.474,28 €;nd;nd
CAV236;97.875,41 €;nd;nd
RS0028;97.259,03 €;nd;nd
31543;93.420,50 €;nd;nd
CS0011;93.255,76 €;nd;nd
27518;93.255,76 €;nd;nd
CST110;92.996,38 €;nd;nd
CSE545R2;92.834,87 €;nd;nd
40079;92.635,98 €;nd;nd
CON040;92.228,42 €;nd;nd
CST272;89.366,81 €;nd;nd
56317;89.309,67 €;nd;nd
CST742;88.494,40 €;nd;nd
353436;87.741,60 €;nd;nd
CTT323;87.366,43 €;nd;nd
E2033013;86.674,87 €;nd;nd
451703;86.415,95 €;nd;nd
56660;86.253,16 €;nd;nd
7819;84.940,32 €;nd;nd
39045;84.134,12 €;nd;nd
32601;82.335,05 €;nd;nd
20729;81.398,75 €;nd;nd
RS0040;80.004,86 €;nd;nd
RS0043;80.004,86 €;nd;nd
455240;79.027,19 €;nd;nd
CST743;78.287,37 €;nd;nd
CON11A;74.030,00 €;nd;nd
CST699;73.897,97 €;nd;nd
56590;70.086,88 €;nd;nd
31539;69.377,01 €;nd;nd
12504;68.858,35 €;nd;nd
20001;67.505,48 €;nd;nd
DID805;67.251,35 €;nd;nd
72545;66.097,94 €;nd;nd
330200;57.102,80 €;nd;nd
31516;56.265,31 €;nd;nd
2802;56.265,31 €;nd;nd
CST119;55.305,98 €;nd;nd
MP616;53.980,19 €;nd;nd
56210;53.593,15 €;nd;nd
2900;53.558,17 €;nd;nd
11533;53.120,50 €;nd;nd
CON031;49.621,29 €;nd;nd
CST850;49.526,04 €;nd;nd
18;49.447,71 €;nd;nd
RS0004;49.258,92 €;nd;nd
RS0026;47.186,14 €;nd;nd
22092;47.064,72 €;nd;nd
36742;43.639,80 €;nd;nd
11538;43.376,28 €;nd;nd
RS0101;41.038,82 €;nd;nd
RS0038;41.038,82 €;nd;nd
37614;40.300,00 €;nd;nd
32603;40.300,00 €;nd;nd
INT628;40.300,00 €;nd;nd
37613;40.300,00 €;nd;nd
CSE665R1;40.300,00 €;nd;nd
RM10K0;39.273,42 €;nd;nd
CND982;38.966,04 €;nd;nd
CS0008;38.966,04 €;nd;nd
CND904;38.857,56 €;nd;nd
CST737;37.022,83 €;nd;nd
11105;36.081,86 €;nd;nd
353435;30.876,03 €;nd;nd
INT851;30.776,13 €;nd;nd
CON831;30.749,01 €;nd;nd
MOR031;30.014,86 €;nd;nd
7788;27.841,62 €;nd;nd
CST717;27.563,99 €;nd;nd
56389;26.735,62 €;nd;nd
56136;26.688,21 €;nd;nd
455211;23.763,98 €;nd;nd
36886;22.464,00 €;nd;nd
MP924;20.446,80 €;nd;nd
MP745;19.625,00 €;nd;nd
MP340;18.910,93 €;nd;nd
7829;18.845,72 €;nd;nd
39101;18.490,22 €;nd;nd
F002951;17.451,98 €;nd;nd
F002955;16.879,66 €;nd;nd
F002900;13.642,98 €;nd;nd
F002881;12.220,63 €;nd;nd
11106;10.239,07 €;nd;nd
MP931;9.929,72 €;nd;nd
F002898;9.329,46 €;nd;nd
F003077;8.975,60 €;nd;nd
F002953;8.535,64 €;nd;nd
452764A;7.372,80 €;nd;nd
F002877;5.578,10 €;nd;nd
454030A;5.028,48;nd;nd
7220;4.673,44 €;nd;nd
7265;4.673,44 €;nd;nd
39524;4.673,44 €;nd;nd
39525;4.673,44 €;nd;nd
42546;4.673,44 €;nd;nd
20772;4.673,44 €;nd;nd
452263A;3.264,00 €;nd;nd
56954;1.164,80 €;nd;nd
RM100R;360,24 €;nd;nd
